row_id,column,error_type,confidence,suggested_fix
0,Score,MV,0.98,
0,Sample,MV,0.98,
0,MeasureName,VAD,0.99,surgery patients who were taking heart drugs called beta blockers before coming to the hospital who were kept on the beta blockers during the period just before and after their surgery
1,Score,MV,0.95,
1,Sample,MV,0.95,
2,Score,MV,0.95,
2,Sample,MV,0.95,
3,Score,MV,1.0,
3,Sample,MV,1.0,
3,City,T,1.0,birmingham
4,Score,MV,0.95,
4,Sample,MV,0.95,
5,Score,MV,0.95,
5,Sample,MV,0.95,
6,Score,MV,0.99,
6,Sample,MV,0.99,
7,Score,MV,0.99,
7,Sample,MV,0.99,
7,City,T,0.99,birmingham
10,City,T,0.95,sheffield
13,ProviderNumber,FI,0.95,
13,Score,MV,0.99,
14,Score,MV,0.95,
16,HospitalType,T,1.0,acute care hospitals
17,Sample,FI,0.95,3 patients
17,CountyName,VAD,0.98,colbert
21,Condition,T,0.95,heart attack
22,HospitalOwner,T,0.99,government - hospital district or authority
22,Condition,T,0.99,heart attack
24,PhoneNumber,FI,0.95,
24,Score,MV,0.99,
24,EmergencyService,T,0.9,yes
26,HospitalName,T,0.95,southeast alabama medical center
27,HospitalOwner,T,0.95,government - hospital district or authority
31,HospitalOwner,T,0.99,government - hospital district or authority
36,PhoneNumber,FI,1.0,
39,HospitalType,T,0.95,acute care hospitals
42,HospitalOwner,T,0.95,government - hospital district or authority
42,State,VAD,0.98,al
43,EmergencyService,T,0.95,yes
43,MeasureName,FI,0.9,patients who got treatment at the right time (within 24 hours before or after their surgery) to help prevent blood clots after certain types of surgery
44,ZipCode,FI,0.95,35957
45,ProviderNumber,FI,0.9,00005
46,State,T,0.95,al
49,Score,MV,1.0,
50,Score,MV,0.95,
50,State,T,0.99,al
51,EmergencyService,T,0.95,yes
56,Stateavg,FI,0.85,al_pn-3b
56,City,T,0.99,boaz
57,PhoneNumber,MV,1.0,
57,Address,FI,1.0,2505 u s highway 431 north
60,PhoneNumber,FI,0.95,
63,ZipCode,FI,0.95,
65,PhoneNumber,FI,0.95,
65,HospitalName,FI,0.95,Marshall Medical Center South
67,CountyName,T,0.95,marshall
70,ZipCode,FI,0.95,35630
72,CountyName,T,0.98,lauderdale
73,Condition,T,0.95,heart attack
74,Score,MV,0.95,
77,CountyName,T,0.95,lauderdale
79,City,T,0.95,florence
81,ProviderNumber,FI,0.95,
83,State,VAD,0.95,al
88,City,T,0.95,florence
91,Sample,T,0.95,619 patients
93,ZipCode,FI,0.99,35630
93,City,T,0.95,florence
94,MeasureName,T,0.99,heart attack patients given aspirin at arrival
94,Address,T,0.95,702 n main st
97,Score,MV,1.0,
97,MeasureCode,VAD,0.95,ami-4
98,HospitalType,T,0.95,acute care hospitals
98,State,VAD,0.99,al
99,Score,MV,0.95,
101,PhoneNumber,FI,0.99,334433541
101,MeasureCode,FI,0.9,hf-1
106,Address,T,0.98,702 n main st
108,MeasureCode,T,0.95,pn-5c
111,MeasureName,T,0.98,surgery patients who were taking heart drugs called beta blockers before coming to the hospital who were kept on the beta blockers during the period just before and after their surgery
113,HospitalOwner,T,0.98,voluntary non-profit - private
115,Score,MV,1.0,
115,Sample,T,1.0,0 patients
119,MeasureName,T,0.99,heart attack patients given aspirin at arrival
119,State,VAD,0.99,al
120,Score,FI,0.95,100%
120,MeasureCode,VAD,0.99,ami-2
121,Score,MV,0.95,
125,Score,MV,1.0,
127,Condition,T,0.95,heart failure
131,HospitalName,T,0.99,crenshaw community hospital
133,Sample,T,0.95,21 patients
136,CountyName,T,0.98,crenshaw
137,ZipCode,FI,0.98,36049
139,ZipCode,FI,0.95,36049
140,State,T,0.95,al
145,MeasureName,T,0.95,heart attack patients given aspirin at discharge
149,ZipCode,FI,0.95,35640
157,ZipCode,FI,0.95,35640
157,HospitalOwner,T,0.9,proprietary
158,Score,FI,0.9,90%
159,HospitalOwner,T,0.98,proprietary
161,Address,T,0.95,201 pine street northwest
162,HospitalOwner,T,0.95,proprietary
163,Score,FI,0.95,7%
164,HospitalOwner,OTHER,0.95,
165,State,T,0.95,al
166,Sample,FI,0.95,
170,Sample,FI,0.95,6 patients
171,HospitalName,T,0.95,marshall medical center north
174,Score,MV,0.98,
175,Score,MV,0.9,
175,Address,T,0.99,8000 alabama highway 69
177,MeasureCode,FI,0.9,
180,City,T,0.95,guntersville
182,State,T,0.98,al
187,Score,T,0.95,95%
190,MeasureCode,T,0.99,scip-inf-4
193,Stateavg,VAD,0.95,al_scip-vte-2
196,ZipCode,FI,0.95,35233
199,HospitalType,T,0.95,acute care hospitals
199,Condition,T,0.95,heart attack
207,City,T,0.95,birmingham
208,Score,FI,0.95,
210,MeasureName,VAD,0.99,pneumonia patients assessed and given influenza vaccination
212,City,T,0.95,birmingham
213,ProviderNumber,FI,1.0,
213,HospitalType,T,0.95,acute care hospitals
216,HospitalOwner,T,0.99,voluntary non-profit - private
216,CountyName,T,0.99,jefferson
217,PhoneNumber,FI,0.9,
218,HospitalOwner,T,0.95,voluntary non-profit - private
221,HospitalOwner,FI,0.95,voluntary non-profit - church
221,CountyName,T,0.95,de kalb
223,CountyName,T,0.95,de kalb
224,Sample,T,0.99,1 patients
225,Condition,T,0.95,heart attack
227,CountyName,T,0.95,de kalb
228,PhoneNumber,FI,0.98,
228,City,T,1.0,fort payne
228,State,VAD,1.0,al
229,Condition,T,0.95,heart failure
232,ZipCode,FI,0.9,35968
234,Sample,T,1.0,82 patients
236,Condition,T,0.99,surgical infection prevention
237,Score,FI,0.95,
238,HospitalOwner,T,1.0,voluntary non-profit - church
238,Score,MV,1.0,
238,CountyName,T,1.0,de kalb
239,Condition,T,0.95,surgical infection prevention
240,Score,MV,0.9,
243,HospitalName,T,0.95,dekalb regional medical center
244,ProviderNumber,FI,0.9,
244,Score,MV,0.95,
244,Stateavg,T,0.95,al_ami-1
245,Score,MV,1.0,
247,PhoneNumber,FI,0.95,
247,HospitalOwner,T,0.97,government - federal
248,Stateavg,T,0.98,al_ami-5
249,Score,MV,0.95,
250,Score,MV,0.95,
252,Score,FI,0.95,89%
252,CountyName,T,0.95,clarke
253,ProviderNumber,FI,0.95,10015
256,Condition,T,0.95,pneumonia
256,Score,FI,0.9,96%
256,MeasureName,T,0.99,pneumonia patients whose initial emergency room blood culture was performed prior to the administration of the first hospital dose of antibiotics
260,Address,T,0.95,33700 highway 43
261,PhoneNumber,FI,0.99,
261,Score,MV,0.99,
261,Sample,MV,0.99,
264,Address,T,0.95,33700 highway 43
264,MeasureCode,T,0.97,scip-inf-3
266,HospitalType,T,0.95,acute care hospitals
267,ZipCode,FI,0.95,36784
269,Stateavg,T,0.9,al_ami-1
273,ProviderNumber,FI,0.95,
274,Score,MV,0.95,
275,Address,T,1.0,1000 first street north
278,State,T,0.95,al
279,Condition,T,0.95,heart failure
281,MeasureName,T,0.95,pneumonia patients whose initial emergency room blood culture was performed prior to the administration of the first hospital dose of antibiotics
283,ZipCode,T,0.95,35007
290,ZipCode,FI,0.98,35007
290,MeasureName,T,0.99,all heart surgery patients whose blood sugar (blood glucose) is kept under good control in the days right after surgery
293,HospitalType,T,0.95,acute care hospitals
294,Score,MV,1.0,
294,Sample,MV,1.0,
295,Score,MV,0.99,
295,Sample,MV,0.99,
295,Address,T,0.99,1720 university blvd
296,Score,MV,0.95,
296,Sample,MV,0.95,
297,Score,MV,1.0,
297,Sample,MV,1.0,
298,Score,MV,0.99,
298,Sample,MV,0.99,
299,Score,MV,1.0,
299,Sample,MV,1.0,
300,Score,MV,1.0,
300,Sample,MV,1.0,
301,Score,MV,1.0,
301,Sample,MV,1.0,
302,Score,MV,0.95,
302,Sample,MV,0.95,
303,Score,MV,0.99,
303,Sample,MV,0.99,
304,Score,MV,0.98,
304,Sample,MV,0.98,
305,Score,MV,1.0,
305,Sample,MV,1.0,
306,Score,MV,0.98,
306,Sample,MV,0.98,
307,Score,MV,0.99,
307,Sample,MV,0.99,
308,Score,MV,0.99,
308,Sample,MV,0.99,
309,Score,MV,0.95,
309,Sample,MV,0.95,
310,Score,MV,1.0,
310,Sample,MV,1.0,
311,City,T,1.0,anniston
312,CountyName,T,0.95,calhoun
313,HospitalOwner,T,0.95,proprietary
314,ProviderNumber,FI,0.95,
316,Sample,T,0.95,29 patients
316,Address,VAD,0.99,301 east 18th st
318,EmergencyService,T,0.9,yes
321,PhoneNumber,T,0.95,2562358900
324,CountyName,T,0.99,calhoun
325,ZipCode,FI,0.95,36201
332,ZipCode,FI,0.9,36305
332,HospitalOwner,T,0.99,proprietary
332,EmergencyService,T,0.9,yes
334,Stateavg,T,0.95,al_pn-2
334,Address,T,0.95,4370 west main street
336,Score,FI,0.95,100%
337,HospitalName,T,0.95,flowers hospital
340,ZipCode,FI,0.95,36305
342,PhoneNumber,FI,0.98,
342,Sample,OTHER,0.6,
345,Sample,FI,0.9,
346,CountyName,T,0.95,houston
346,MeasureName,T,0.99,surgery patients whose doctors ordered treatments to prevent blood clots after certain types of surgeries
347,Stateavg,FI,0.9,al_scip-vte-2
349,MeasureCode,T,0.95,ami-2
350,Address,T,0.98,810 st vincents drive
354,Sample,FI,0.95,1 patients
356,HospitalOwner,T,0.99,proprietary
356,State,VAD,0.95,al
357,Condition,OTHER,0.5,
360,ProviderNumber,FI,1.0,
360,Score,MV,1.0,
363,Address,T,0.95,1530 u s highway 43
366,ZipCode,FI,0.98,35594
366,Condition,T,0.97,pneumonia
367,City,T,0.95,winfield
369,Condition,T,0.99,pneumonia
370,Stateavg,T,0.95,al_pn-7
373,Stateavg,T,0.95,al_scip-inf-2
374,EmergencyService,T,0.95,yes
375,ZipCode,FI,0.95,35594
378,Score,T,0.9,95%
380,MeasureName,VAD,0.95,heart attack patients given aspirin at discharge
381,PhoneNumber,FI,1.0,
384,PhoneNumber,FI,1.0,
384,Score,MV,1.0,
384,HospitalName,T,0.95,univ of south alabama medical center
385,HospitalName,T,0.95,univ of south alabama medical center
386,PhoneNumber,FI,1.0,
386,Condition,T,1.0,heart failure
386,State,T,1.0,al
387,Stateavg,VAD,0.95,al_hf-2
389,MeasureName,T,0.95,heart failure patients given smoking cessation advice/counseling
389,EmergencyService,T,0.8,yes
391,MeasureCode,T,0.95,pn-3b
393,PhoneNumber,FI,0.9,334361267
393,Address,T,0.95,124 s memorial dr
394,Score,MV,0.95,
396,Score,MV,0.98,
400,Condition,T,0.95,heart failure
402,State,T,0.95,al
405,Score,FI,0.95,94%
406,ZipCode,FI,0.95,36067
408,ProviderNumber,FI,0.95,10008
408,HospitalName,T,0.9,prattville baptist hospital
409,MeasureCode,FI,0.5,
409,Condition,OTHER,0.5,
411,HospitalType,T,0.95,acute care hospitals
411,Score,FI,0.9,
411,Address,T,0.99,124 s memorial dr
413,HospitalType,T,0.9,acute care hospitals
413,Sample,T,0.95,125 patients
415,Address,T,0.95,315 w hickory st
415,CountyName,T,0.95,talladega
418,Sample,T,0.98,4 patients
418,EmergencyService,VAD,0.94,no
419,Score,MV,0.99,
420,ZipCode,FI,0.9,35150
420,Score,MV,0.95,
426,Score,FI,0.9,97%
428,ZipCode,FI,0.95,35150
431,Address,FI,0.9,315 w hickory st
434,MeasureName,T,0.99,heart failure patients given ace inhibitor or arb for left ventricular systolic dysfunction (lvsd)
437,City,T,0.98,anchorage
444,Sample,T,0.99,521 patients
447,MeasureName,T,1.0,surgery patients needing hair removed from the surgical area before surgery who had hair removed using a safer method (electric clippers or hair removal cream c not a razor)
448,HospitalName,T,0.99,alaska regional hospital
449,HospitalOwner,T,0.95,proprietary
450,Score,MV,0.95,
450,Sample,MV,0.95,
451,Score,MV,0.99,
451,Sample,MV,0.99,
453,HospitalType,T,0.95,acute care hospitals
453,CountyName,VAD,0.95,colbert
456,HospitalOwner,T,0.95,government - hospital district or authority
456,CountyName,VAD,0.9,colbert
457,CountyName,VAD,0.95,colbert
462,Score,MV,0.99,
462,Sample,MV,0.9,
464,MeasureCode,VAD,0.95,scip-vte-1
465,CountyName,VAD,0.9,colbert
465,MeasureName,FI,0.95,patients who got treatment at the right time (within 24 hours before or after their surgery) to help prevent blood clots after certain types of surgery
467,Condition,T,0.95,heart attack
468,Score,MV,0.95,
471,PhoneNumber,FI,0.95,
472,Address,T,0.98,126 hospital ave
473,MeasureName,T,0.98,heart failure patients given discharge instructions
474,City,T,0.95,ozark
477,Stateavg,VAD,0.95,al_pn-2
477,State,VAD,0.95,al
482,Sample,T,0.95,62 patients
483,State,T,0.95,al
484,Address,T,0.95,126 hospital ave
485,City,T,0.95,ozark
488,Score,FI,0.95,
490,ZipCode,FI,0.95,36360
490,HospitalType,T,0.9,acute care hospitals
492,EmergencyService,VAD,0.5,yes
492,Condition,OTHER,0.5,
493,HospitalType,T,0.95,acute care hospitals
493,HospitalOwner,T,0.95,voluntary non-profit - private
493,MeasureName,VAD,0.98,heart attack patients given ace inhibitor or arb for left ventricular systolic dysfunction (lvsd)
494,Score,MV,0.95,
495,MeasureCode,FI,0.9,ami-2
495,Score,MV,0.95,
496,Score,MV,0.99,
496,Sample,T,0.95,0 patients
497,HospitalType,T,0.8,acute care hospitals
497,Score,MV,1.0,
499,ZipCode,FI,0.95,35960
502,Sample,T,0.95,44 patients
502,CountyName,T,0.95,cherokee
504,State,T,0.95,al
506,Condition,T,0.95,pneumonia
506,Score,FI,0.9,93%
507,MeasureName,T,0.99,pneumonia patients assessed and given influenza vaccination
508,Score,MV,0.95,
508,Sample,MV,0.95,
511,HospitalType,T,0.95,acute care hospitals
512,Score,MV,0.95,
513,CountyName,T,0.95,cherokee
514,Score,FI,0.95,
516,PhoneNumber,FI,1.0,
517,City,T,0.99,montgomery
521,Score,MV,0.95,
521,EmergencyService,T,0.9,yes
523,Sample,FI,0.95,25 patients
526,HospitalOwner,T,0.95,voluntary non-profit - church
527,CountyName,T,0.99,montgomery
532,HospitalType,T,0.95,acute care hospitals
532,Sample,T,0.95,87 patients
532,HospitalName,T,1.0,baptist medical center south
532,MeasureName,T,0.99,pneumonia patients assessed and given influenza vaccination
536,EmergencyService,T,0.9,yes
540,CountyName,T,0.95,montgomery
544,ZipCode,FI,0.99,
545,MeasureName,T,0.99,heart attack patients given beta blocker at discharge
546,Score,MV,0.98,
546,Sample,FI,0.97,
548,PhoneNumber,FI,0.5,
551,CountyName,T,0.95,montgomery
554,Sample,T,0.95,74 patients
555,Condition,T,0.95,pneumonia
555,Stateavg,VAD,0.98,al_pn-5c
559,ProviderNumber,FI,1.0,
559,State,VAD,1.0,al
560,HospitalName,T,0.96,jackson hospital & clinic inc
561,PhoneNumber,FI,0.95,3342938000
562,PhoneNumber,FI,0.95,
562,MeasureName,VAD,0.95,all heart surgery patients whose blood sugar (blood glucose) is kept under good control in the days right after surgery
564,Stateavg,FI,0.95,al_scip-vte-1
564,EmergencyService,T,0.95,yes
567,Stateavg,T,0.95,al_ami-2
572,PhoneNumber,FI,0.95,
572,HospitalOwner,T,0.98,voluntary non-profit - other
572,Score,MV,1.0,
572,State,VAD,0.95,al
578,City,T,0.95,valley
578,CountyName,T,0.95,chambers
580,Sample,T,0.99,50 patients
580,MeasureCode,T,1.0,pn-5c
587,Score,MV,0.9,
587,EmergencyService,T,0.85,yes
588,HospitalType,T,0.95,acute care hospitals
588,Sample,T,0.95,172 patients
590,City,T,0.95,valley
590,CountyName,T,0.95,chambers
591,Score,MV,1.0,
591,Sample,MV,1.0,
592,Score,MV,0.95,
592,Sample,MV,0.95,
592,State,T,0.99,al
593,PhoneNumber,FI,0.95,3348972257
593,Score,MV,1.0,
593,Sample,MV,1.0,
594,Score,MV,0.95,
594,Sample,MV,0.95,
595,Score,MV,1.0,
595,Sample,MV,1.0,
596,Score,MV,0.95,
596,Sample,MV,0.95,
597,Score,MV,0.99,
597,Sample,MV,0.99,
599,Condition,T,0.98,heart failure
600,Score,MV,0.95,
601,Score,MV,0.9,
601,City,T,1.0,elba
602,CountyName,T,0.95,coffee
608,ProviderNumber,FI,0.9,
608,Condition,T,0.95,surgical infection prevention
608,Score,MV,0.99,
608,Sample,MV,0.99,
609,Score,MV,0.98,
609,Sample,MV,0.98,
610,Score,MV,0.99,
610,Sample,MV,0.99,
611,Score,MV,0.98,
611,Sample,MV,0.98,
612,Score,MV,1.0,
612,Sample,MV,1.0,
612,MeasureName,VAD,1.0,all heart surgery patients whose blood sugar (blood glucose) is kept under good control in the days right after surgery
613,Score,MV,1.0,
613,Sample,MV,1.0,
614,Score,MV,0.95,
614,Sample,MV,0.95,
615,Score,MV,0.99,
615,Sample,MV,0.99,
622,Stateavg,T,0.98,al_ami-8a
627,ProviderNumber,FI,0.95,
631,Condition,T,0.95,pneumonia
633,CountyName,T,0.95,lee
634,HospitalType,T,0.95,acute care hospitals
639,ProviderNumber,FI,0.95,
639,MeasureCode,VAD,0.99,scip-vte-1
645,ProviderNumber,FI,0.95,
646,Stateavg,T,0.98,al_ami-7a
647,Score,MV,0.95,
648,MeasureCode,T,0.95,hf-1
650,MeasureName,T,0.95,heart failure patients given ace inhibitor or arb for left ventricular systolic dysfunction (lvsd)
651,MeasureName,T,0.98,heart failure patients given smoking cessation advice/counseling
652,Address,T,0.95,209 north main street
654,HospitalName,T,0.99,wedowee hospital
654,City,T,0.99,wedowee
655,ProviderNumber,FI,0.95,
658,Score,MV,0.95,
658,Sample,MV,0.95,
659,Score,MV,0.95,
659,Sample,MV,0.95,
660,Score,MV,1.0,
660,Sample,MV,1.0,
661,Score,MV,0.99,
661,Sample,MV,0.99,
662,Score,MV,1.0,
662,Sample,MV,1.0,
663,Score,MV,0.95,
663,Sample,MV,0.95,
664,Score,MV,1.0,
664,Sample,MV,1.0,
665,Score,MV,0.98,
665,Sample,MV,0.98,
666,PhoneNumber,FI,1.0,
668,Sample,T,0.95,87 patients
671,Score,MV,0.95,
672,CountyName,T,0.95,jefferson
672,MeasureName,T,0.99,heart attack patients given pci within 90 minutes of arrival
673,Sample,T,0.95,618 patients
674,EmergencyService,T,0.9,yes
676,MeasureCode,FI,0.9,hf-4
678,Stateavg,T,0.9,al_pn-3b
679,ZipCode,T,0.95,35233
679,Condition,T,0.95,pneumonia
685,ZipCode,FI,0.99,
689,CountyName,T,0.99,jefferson
690,City,T,0.95,birmingham
691,MeasureCode,T,0.95,ami-1
692,CountyName,T,0.95,elmore
694,MeasureCode,T,0.95,ami-4
695,HospitalType,T,0.95,acute care hospitals
695,Condition,T,0.95,heart attack
696,City,T,0.99,tallassee
697,Score,MV,0.95,
697,HospitalName,T,0.97,community hospital inc
698,Condition,FI,0.5,
698,Score,FI,0.5,
698,CountyName,T,0.5,elmore
699,PhoneNumber,FI,0.95,
701,State,T,0.99,al
704,ProviderNumber,FI,0.95,
705,HospitalType,T,0.95,acute care hospitals
705,MeasureName,T,0.99,pneumonia patients given initial antibiotic(s) within 6 hours after arrival
706,MeasureName,T,0.99,pneumonia patients given the most appropriate initial antibiotic(s)
710,ZipCode,FI,0.95,
710,HospitalName,T,0.99,community hospital inc
711,Score,FI,1.0,100%
712,Condition,T,0.95,surgical infection prevention
712,Score,MV,1.0,
713,PhoneNumber,FI,0.99,
713,MeasureName,T,0.99,surgery patients needing hair removed from the surgical area before surgery who had hair removed using a safer method (electric clippers or hair removal cream c not a razor)
716,Condition,T,0.95,heart attack
718,Score,FI,0.9,7%
718,MeasureCode,VAD,0.99,ami-3
721,ProviderNumber,FI,0.95,
721,Score,MV,1.0,
721,Stateavg,T,0.99,al_ami-7a
722,CountyName,T,0.99,cullman
724,ProviderNumber,FI,0.95,
729,HospitalType,T,0.95,acute care hospitals
729,MeasureCode,VAD,0.95,pn-4
730,CountyName,T,0.99,cullman
730,HospitalName,T,0.99,cullman regional medical center
733,Condition,T,0.95,surgical infection prevention
735,MeasureCode,T,0.95,scip-inf-2
736,City,T,0.98,cullman
736,Address,FI,0.99,1912 alabama highway 157
744,HospitalOwner,FI,0.5,
744,Score,MV,0.5,
744,CountyName,OTHER,0.5,
747,Score,MV,0.99,
749,MeasureCode,T,0.95,hf-2
750,ZipCode,FI,0.98,36420
751,PhoneNumber,FI,0.95,
752,CountyName,T,0.95,covington
755,ProviderNumber,FI,0.95,
756,City,T,0.95,andalusia
758,HospitalName,T,0.95,andalusia regional hospital
760,Stateavg,FI,0.95,al_scip-inf-2
763,PhoneNumber,FI,0.95,
764,State,T,0.95,al
764,Stateavg,T,0.95,al_scip-vte-1
765,HospitalName,T,0.95,andalusia regional hospital
767,Address,T,0.95,301 east 18th st
769,Score,FI,0.95,
770,Score,MV,0.95,
772,City,T,0.95,anniston
776,Sample,T,0.99,193 patients
777,HospitalName,T,0.5,huntsville hospital
779,HospitalType,T,0.95,acute care hospitals
780,ProviderNumber,FI,0.95,
780,Condition,T,0.99,heart attack
782,HospitalType,T,0.95,acute care hospitals
782,Score,MV,0.99,
784,HospitalOwner,T,0.99,government - hospital district or authority
785,CountyName,T,0.95,madison
785,MeasureName,T,0.95,heart failure patients given an evaluation of left ventricular systolic (lvs) function
787,Stateavg,T,0.95,al_hf-4
788,MeasureCode,FI,0.95,pn-2
789,ProviderNumber,FI,0.95,
791,State,VAD,0.95,al
793,ProviderNumber,FI,0.95,
796,Stateavg,T,0.95,al_scip-inf-2
797,EmergencyService,T,0.95,yes
798,CountyName,T,0.95,madison
802,MeasureName,T,0.95,heart attack patients given aspirin at arrival
809,EmergencyService,T,0.9,yes
814,HospitalType,T,0.95,acute care hospitals
815,ZipCode,FI,0.95,35901
816,MeasureName,T,0.99,pneumonia patients given initial antibiotic(s) within 6 hours after arrival
821,City,T,0.95,gadsden
824,PhoneNumber,FI,0.95,
827,Stateavg,T,0.95,al_ami-1
830,Score,MV,0.95,
832,Score,MV,0.95,
842,MeasureCode,T,0.95,pn-6
842,Stateavg,T,0.95,al_pn-6
845,Sample,T,0.99,4 patients
846,HospitalOwner,FI,0.99,voluntary non-profit - private
848,Score,MV,0.95,
849,Address,T,0.95,1010 lay dam road
851,Condition,T,0.95,surgical infection prevention
855,PhoneNumber,FI,0.99,
855,Score,MV,1.0,
855,City,T,0.99,hamilton
857,Score,MV,0.95,
857,Address,T,0.99,1256 military street south
858,Score,MV,0.95,
859,ProviderNumber,FI,0.95,
860,Score,T,0.95,80%
865,PhoneNumber,FI,0.95,2059216200
865,MeasureCode,VAD,0.98,pn-4
866,Sample,T,0.98,121 patients
868,HospitalOwner,T,0.95,voluntary non-profit - private
869,Condition,T,0.95,surgical infection prevention
872,HospitalOwner,T,0.95,voluntary non-profit - private
872,Sample,T,0.9,15 patients
873,Score,MV,0.95,
877,HospitalType,T,0.95,acute care hospitals
878,ProviderNumber,FI,0.95,
881,PhoneNumber,FI,0.95,
882,Score,MV,0.95,
883,PhoneNumber,FI,1.0,
883,Score,MV,1.0,
884,State,VAD,0.95,al
886,State,VAD,0.95,al
888,ProviderNumber,FI,0.9,
888,Score,FI,0.85,
889,EmergencyService,T,0.95,yes
893,MeasureName,T,0.99,pneumonia patients assessed and given influenza vaccination
895,Score,MV,0.95,
895,City,T,0.9,fayette
895,CountyName,T,0.9,fayette
896,Score,MV,0.95,
897,Score,MV,0.95,
902,HospitalType,T,0.95,acute care hospitals
903,HospitalName,T,0.95,Riverview Regional Medical Center
905,Sample,T,0.95,126 patients
915,Address,T,0.99,600 south third street
915,MeasureName,T,0.99,heart failure patients given smoking cessation advice/counseling
916,PhoneNumber,FI,0.9,
917,CountyName,T,0.95,etowah
919,EmergencyService,T,0.9,yes
920,Stateavg,T,0.95,al_pn-6
921,EmergencyService,T,0.9,yes
921,HospitalName,T,0.95,Riverview Regional Medical Center
922,HospitalName,T,0.95,riverview regional medical center
922,State,VAD,0.98,al
923,ZipCode,FI,0.95,35901
926,HospitalType,T,0.95,acute care hospitals
930,MeasureCode,T,0.95,ami-1
933,ProviderNumber,FI,0.95,
934,Address,T,0.5,515 miranda st
935,Score,MV,0.9,
935,Address,T,0.95,515 miranda st
938,HospitalName,T,0.95,georgiana hospital
943,CountyName,T,0.98,butler
945,Address,T,0.95,515 miranda st
947,Score,MV,0.95,
947,Sample,MV,0.95,
948,Score,MV,1.0,
948,Sample,MV,1.0,
949,HospitalType,T,0.95,acute care hospitals
949,Score,MV,1.0,
949,Sample,MV,1.0,
949,City,T,0.98,georgiana
950,Score,MV,1.0,
950,Sample,MV,1.0,
951,Score,MV,0.95,
951,Sample,MV,0.95,
952,Score,MV,1.0,
952,Sample,MV,1.0,
953,Score,MV,0.95,
953,Sample,MV,0.95,
954,Score,MV,0.99,
954,Sample,MV,0.99,
955,ProviderNumber,FI,0.9,10040
955,Condition,T,0.95,heart attack
956,HospitalType,T,0.98,acute care hospitals
956,HospitalName,T,0.99,medical center enterprise
956,Address,T,0.97,400 n edwards street
958,Score,MV,0.95,
960,Score,MV,0.95,
960,City,T,0.95,enterprise
961,Score,MV,0.95,
962,HospitalName,T,0.95,medical center enterprise
964,HospitalType,T,0.95,acute care hospitals
966,CountyName,T,0.99,coffee
968,City,T,0.95,enterprise
972,Sample,T,0.95,27 patients
974,Condition,T,0.95,surgical infection prevention
985,City,T,0.99,oneonta
986,Score,MV,0.95,
986,Address,T,0.95,150 gilbreath drive
987,HospitalName,T,0.95,st vincents blount
997,MeasureName,T,0.98,surgery patients who were taking heart drugs called beta blockers before coming to the hospital who were kept on the beta blockers during the period just before and after their surgery
