row_id,column,value,error_type,violated_rule,reason,suggested_fix,confidence
13,ProviderNumber,1xx19,FI,regex,All values are exactly 5 digits,,
45,ProviderNumber,x0005,FI,regex,All values are exactly 5 digits,,
81,ProviderNumber,1000x,FI,regex,All values are exactly 5 digits,,
213,ProviderNumber,x00xx,FI,regex,All values are exactly 5 digits,,
244,ProviderNumber,x00x5,FI,regex,All values are exactly 5 digits,,
253,ProviderNumber,1xx15,FI,regex,All values are exactly 5 digits,,
273,ProviderNumber,1xx16,FI,regex,All values are exactly 5 digits,,
314,ProviderNumber,100x8,FI,regex,All values are exactly 5 digits,,
360,ProviderNumber,100x6,FI,regex,All values are exactly 5 digits,,
408,ProviderNumber,x0x08,FI,regex,All values are exactly 5 digits,,
559,ProviderNumber,1xx24,FI,regex,All values are exactly 5 digits,,
608,ProviderNumber,x0027,FI,regex,All values are exactly 5 digits,,
627,ProviderNumber,x0029,FI,regex,All values are exactly 5 digits,,
639,ProviderNumber,1xx29,FI,regex,All values are exactly 5 digits,,
645,ProviderNumber,1xx32,FI,regex,All values are exactly 5 digits,,
655,ProviderNumber,1xx32,FI,regex,All values are exactly 5 digits,,
704,ProviderNumber,100x4,FI,regex,All values are exactly 5 digits,,
721,ProviderNumber,100x5,FI,regex,All values are exactly 5 digits,,
724,ProviderNumber,1xx35,FI,regex,All values are exactly 5 digits,,
755,ProviderNumber,1xx36,FI,regex,All values are exactly 5 digits,,
780,ProviderNumber,1003x,FI,regex,All values are exactly 5 digits,,
789,ProviderNumber,1xx39,FI,regex,All values are exactly 5 digits,,
793,ProviderNumber,100x9,FI,regex,All values are exactly 5 digits,,
859,ProviderNumber,1xx44,FI,regex,All values are exactly 5 digits,,
878,ProviderNumber,1xx45,FI,regex,All values are exactly 5 digits,,
888,ProviderNumber,x0045,FI,regex,All values are exactly 5 digits,,
933,ProviderNumber,1xx47,FI,regex,All values are exactly 5 digits,,
955,ProviderNumber,1004x,FI,regex,All values are exactly 5 digits,,
44,ZipCode,x5957,FI,regex,All sample values are 5-digit numbers,,
63,ZipCode,3595x,FI,regex,All sample values are 5-digit numbers,,
70,ZipCode,3563x,FI,regex,All sample values are 5-digit numbers,,
93,ZipCode,3563x,FI,regex,All sample values are 5-digit numbers,,
137,ZipCode,36x49,FI,regex,All sample values are 5-digit numbers,,
139,ZipCode,360x9,FI,regex,All sample values are 5-digit numbers,,
149,ZipCode,3x640,FI,regex,All sample values are 5-digit numbers,,
157,ZipCode,3x640,FI,regex,All sample values are 5-digit numbers,,
196,ZipCode,3x23x,FI,regex,All sample values are 5-digit numbers,,
232,ZipCode,359x8,FI,regex,All sample values are 5-digit numbers,,
267,ZipCode,x6784,FI,regex,All sample values are 5-digit numbers,,
283,ZipCode,3x007,FI,regex,All sample values are 5-digit numbers,,
290,ZipCode,x5007,FI,regex,All sample values are 5-digit numbers,,
325,ZipCode,36x01,FI,regex,All sample values are 5-digit numbers,,
332,ZipCode,3x305,FI,regex,All sample values are 5-digit numbers,,
340,ZipCode,x6x05,FI,regex,All sample values are 5-digit numbers,,
366,ZipCode,3xx94,FI,regex,All sample values are 5-digit numbers,,
375,ZipCode,3xx94,FI,regex,All sample values are 5-digit numbers,,
406,ZipCode,3x0x7,FI,regex,All sample values are 5-digit numbers,,
420,ZipCode,x5150,FI,regex,All sample values are 5-digit numbers,,
428,ZipCode,3x1x0,FI,regex,All sample values are 5-digit numbers,,
490,ZipCode,x6x60,FI,regex,All sample values are 5-digit numbers,,
499,ZipCode,x5960,FI,regex,All sample values are 5-digit numbers,,
544,ZipCode,3x10x,FI,regex,All sample values are 5-digit numbers,,
679,ZipCode,3x233,FI,regex,All sample values are 5-digit numbers,,
685,ZipCode,x52xx,FI,regex,All sample values are 5-digit numbers,,
710,ZipCode,36x78,FI,regex,All sample values are 5-digit numbers,,
750,ZipCode,3642x,FI,regex,All sample values are 5-digit numbers,,
815,ZipCode,x590x,FI,regex,All sample values are 5-digit numbers,,
923,ZipCode,3590x,FI,regex,All sample values are 5-digit numbers,,
24,PhoneNumber,334793870x,FI,regex,所有样本均为10位数字，且首位为2-9，符合北美电话号码格式,,
36,PhoneNumber,xx479x8701,FI,regex,所有样本均为10位数字，且首位为2-9，符合北美电话号码格式,,
57,PhoneNumber,2x6x938310,FI,regex,所有样本均为10位数字，且首位为2-9，符合北美电话号码格式,,
60,PhoneNumber,2x6x938310,FI,regex,所有样本均为10位数字，且首位为2-9，符合北美电话号码格式,,
65,PhoneNumber,2565x38310,FI,regex,所有样本均为10位数字，且首位为2-9，符合北美电话号码格式,,
101,PhoneNumber,3344x33541,FI,regex,所有样本均为10位数字，且首位为2-9，符合北美电话号码格式,,
217,PhoneNumber,2058x8x122,FI,regex,所有样本均为10位数字，且首位为2-9，符合北美电话号码格式,,
228,PhoneNumber,2568453x50,FI,regex,所有样本均为10位数字，且首位为2-9，符合北美电话号码格式,,
247,PhoneNumber,xx46x66221,FI,regex,所有样本均为10位数字，且首位为2-9，符合北美电话号码格式,,
261,PhoneNumber,334x3xx221,FI,regex,所有样本均为10位数字，且首位为2-9，符合北美电话号码格式,,
321,PhoneNumber,256235x900,FI,regex,所有样本均为10位数字，且首位为2-9，符合北美电话号码格式,,
342,PhoneNumber,xx479x5000,FI,regex,所有样本均为10位数字，且首位为2-9，符合北美电话号码格式,,
381,PhoneNumber,25x47x7xx0,FI,regex,所有样本均为10位数字，且首位为2-9，符合北美电话号码格式,,
384,PhoneNumber,25x47x7xx0,FI,regex,所有样本均为10位数字，且首位为2-9，符合北美电话号码格式,,
386,PhoneNumber,25x47x7xx0,FI,regex,所有样本均为10位数字，且首位为2-9，符合北美电话号码格式,,
393,PhoneNumber,33x361x267,FI,regex,所有样本均为10位数字，且首位为2-9，符合北美电话号码格式,,
471,PhoneNumber,334774x601,FI,regex,所有样本均为10位数字，且首位为2-9，符合北美电话号码格式,,
516,PhoneNumber,3342xx2100,FI,regex,所有样本均为10位数字，且首位为2-9，符合北美电话号码格式,,
548,PhoneNumber,3342938xxx,FI,regex,所有样本均为10位数字，且首位为2-9，符合北美电话号码格式,,
561,PhoneNumber,33x2938000,FI,regex,所有样本均为10位数字，且首位为2-9，符合北美电话号码格式,,
562,PhoneNumber,3342938xxx,FI,regex,所有样本均为10位数字，且首位为2-9，符合北美电话号码格式,,
572,PhoneNumber,334x561400,FI,regex,所有样本均为10位数字，且首位为2-9，符合北美电话号码格式,,
593,PhoneNumber,33x8972257,FI,regex,所有样本均为10位数字，且首位为2-9，符合北美电话号码格式,,
666,PhoneNumber,20593xx011,FI,regex,所有样本均为10位数字，且首位为2-9，符合北美电话号码格式,,
699,PhoneNumber,334x836541,FI,regex,所有样本均为10位数字，且首位为2-9，符合北美电话号码格式,,
713,PhoneNumber,33x28365x1,FI,regex,所有样本均为10位数字，且首位为2-9，符合北美电话号码格式,,
751,PhoneNumber,334xxx8466,FI,regex,所有样本均为10位数字，且首位为2-9，符合北美电话号码格式,,
763,PhoneNumber,33422284xx,FI,regex,所有样本均为10位数字，且首位为2-9，符合北美电话号码格式,,
824,PhoneNumber,2564944xxx,FI,regex,所有样本均为10位数字，且首位为2-9，符合北美电话号码格式,,
855,PhoneNumber,x059x16x00,FI,regex,所有样本均为10位数字，且首位为2-9，符合北美电话号码格式,,
865,PhoneNumber,20x9216200,FI,regex,所有样本均为10位数字，且首位为2-9，符合北美电话号码格式,,
881,PhoneNumber,x0593x5966,FI,regex,所有样本均为10位数字，且首位为2-9，符合北美电话号码格式,,
883,PhoneNumber,x0593x5966,FI,regex,所有样本均为10位数字，且首位为2-9，符合北美电话号码格式,,
916,PhoneNumber,x565435x00,FI,regex,所有样本均为10位数字，且首位为2-9，符合北美电话号码格式,,
16,HospitalType,acuxe care hospixals,FI,value_set,所有样本均为该正确值或其打字错误，预期只有一个合法取值,,
39,HospitalType,acxte care hospitals,FI,value_set,所有样本均为该正确值或其打字错误，预期只有一个合法取值,,
98,HospitalType,acute care hosxitals,FI,value_set,所有样本均为该正确值或其打字错误，预期只有一个合法取值,,
199,HospitalType,acute care hosxitals,FI,value_set,所有样本均为该正确值或其打字错误，预期只有一个合法取值,,
213,HospitalType,acutx carx hospitals,FI,value_set,所有样本均为该正确值或其打字错误，预期只有一个合法取值,,
266,HospitalType,acuxe care hospixals,FI,value_set,所有样本均为该正确值或其打字错误，预期只有一个合法取值,,
280,HospitalType,acutexcarexhospitals,FI,value_set,所有样本均为该正确值或其打字错误，预期只有一个合法取值,,
293,HospitalType,acuxe care hospixals,FI,value_set,所有样本均为该正确值或其打字错误，预期只有一个合法取值,,
411,HospitalType,acute care hosxitals,FI,value_set,所有样本均为该正确值或其打字错误，预期只有一个合法取值,,
413,HospitalType,acuxe care hospixals,FI,value_set,所有样本均为该正确值或其打字错误，预期只有一个合法取值,,
453,HospitalType,acute care hospitaxs,FI,value_set,所有样本均为该正确值或其打字错误，预期只有一个合法取值,,
490,HospitalType,acute caxe hospitals,FI,value_set,所有样本均为该正确值或其打字错误，预期只有一个合法取值,,
493,HospitalType,acute care hxspitals,FI,value_set,所有样本均为该正确值或其打字错误，预期只有一个合法取值,,
497,HospitalType,acutx carx hospitals,FI,value_set,所有样本均为该正确值或其打字错误，预期只有一个合法取值,,
511,HospitalType,acuxe care hospixals,FI,value_set,所有样本均为该正确值或其打字错误，预期只有一个合法取值,,
532,HospitalType,acute care hosxitals,FI,value_set,所有样本均为该正确值或其打字错误，预期只有一个合法取值,,
588,HospitalType,acuxe care hospixals,FI,value_set,所有样本均为该正确值或其打字错误，预期只有一个合法取值,,
634,HospitalType,acuxe care hospixals,FI,value_set,所有样本均为该正确值或其打字错误，预期只有一个合法取值,,
695,HospitalType,acute cxre hospitxls,FI,value_set,所有样本均为该正确值或其打字错误，预期只有一个合法取值,,
705,HospitalType,acutexcarexhospitals,FI,value_set,所有样本均为该正确值或其打字错误，预期只有一个合法取值,,
729,HospitalType,acutexcarexhospitals,FI,value_set,所有样本均为该正确值或其打字错误，预期只有一个合法取值,,
779,HospitalType,acutexcarexhospitals,FI,value_set,所有样本均为该正确值或其打字错误，预期只有一个合法取值,,
782,HospitalType,acute care hospitaxs,FI,value_set,所有样本均为该正确值或其打字错误，预期只有一个合法取值,,
814,HospitalType,axute care hospitals,FI,value_set,所有样本均为该正确值或其打字错误，预期只有一个合法取值,,
848,HospitalType,acute caxe hospitals,FI,value_set,所有样本均为该正确值或其打字错误，预期只有一个合法取值,,
877,HospitalType,acute care hoxpitalx,FI,value_set,所有样本均为该正确值或其打字错误，预期只有一个合法取值,,
902,HospitalType,acutexcarexhospitals,FI,value_set,所有样本均为该正确值或其打字错误，预期只有一个合法取值,,
926,HospitalType,acuxe care hospixals,FI,value_set,所有样本均为该正确值或其打字错误，预期只有一个合法取值,,
949,HospitalType,acute care hosxitals,FI,value_set,所有样本均为该正确值或其打字错误，预期只有一个合法取值,,
956,HospitalType,acute xare hospitals,FI,value_set,所有样本均为该正确值或其打字错误，预期只有一个合法取值,,
964,HospitalType,acutexcarexhospitals,FI,value_set,所有样本均为该正确值或其打字错误，预期只有一个合法取值,,
976,HospitalType,acutexcarexhospitals,FI,value_set,所有样本均为该正确值或其打字错误，预期只有一个合法取值,,
22,HospitalOwner,government - hospxtal dxstrxct or authorxty,FI,value_set,有限枚举类型，标准值为8个,,
27,HospitalOwner,government - hospital xistrict or authority,FI,value_set,有限枚举类型，标准值为8个,,
31,HospitalOwner,governmenx - hospixal disxricx or auxhorixy,FI,value_set,有限枚举类型，标准值为8个,,
42,HospitalOwner,gxvernment - hxspital district xr authxrity,FI,value_set,有限枚举类型，标准值为8个,,
113,HospitalOwner,volunxary non-profix - privaxe,FI,value_set,有限枚举类型，标准值为8个,,
157,HospitalOwner,pxopxietaxy,FI,value_set,有限枚举类型，标准值为8个,,
159,HospitalOwner,proxrietary,FI,value_set,有限枚举类型，标准值为8个,,
162,HospitalOwner,xroprietary,FI,value_set,有限枚举类型，标准值为8个,,
164,HospitalOwner,pxopxietaxy,FI,value_set,有限枚举类型，标准值为8个,,
216,HospitalOwner,volunxary non-profix - privaxe,FI,value_set,有限枚举类型，标准值为8个,,
218,HospitalOwner,voluntary nonxprofit x private,FI,value_set,有限枚举类型，标准值为8个,,
221,HospitalOwner,voluntaryxnon-profitx-xchurch,FI,value_set,有限枚举类型，标准值为8个,,
238,HospitalOwner,voxuntary non-profit - church,FI,value_set,有限枚举类型，标准值为8个,,
247,HospitalOwner,governxent - federal,FI,value_set,有限枚举类型，标准值为8个,,
313,HospitalOwner,prxprietary,FI,value_set,有限枚举类型，标准值为8个,,
332,HospitalOwner,proxrietary,FI,value_set,有限枚举类型，标准值为8个,,
356,HospitalOwner,prxprietary,FI,value_set,有限枚举类型，标准值为8个,,
449,HospitalOwner,proxrietary,FI,value_set,有限枚举类型，标准值为8个,,
456,HospitalOwner,gxvernment - hxspital district xr authxrity,FI,value_set,有限枚举类型，标准值为8个,,
493,HospitalOwner,voluntaryxnon-profitx-xprivate,FI,value_set,有限枚举类型，标准值为8个,,
526,HospitalOwner,volxntary non-profit - chxrch,FI,value_set,有限枚举类型，标准值为8个,,
572,HospitalOwner,voluntary non-profit - otxer,FI,value_set,有限枚举类型，标准值为8个,,
744,HospitalOwner,prxprietary,FI,value_set,有限枚举类型，标准值为8个,,
784,HospitalOwner,goverxmext - hospital district or authority,FI,value_set,有限枚举类型，标准值为8个,,
846,HospitalOwner,voluntaxy non-pxofit - pxivate,FI,value_set,有限枚举类型，标准值为8个,,
868,HospitalOwner,voluxtary xox-profit - private,FI,value_set,有限枚举类型，标准值为8个,,
872,HospitalOwner,voluntaxy non-pxofit - pxivate,FI,value_set,有限枚举类型，标准值为8个,,
21,Condition,heart attaxk,FI,value_set,该列应该只包含这四个有效的医疗条件，其他值均为拼写错误,,
22,Condition,hearx axxack,FI,value_set,该列应该只包含这四个有效的医疗条件，其他值均为拼写错误,,
73,Condition,hearx axxack,FI,value_set,该列应该只包含这四个有效的医疗条件，其他值均为拼写错误,,
127,Condition,heaxt failuxe,FI,value_set,该列应该只包含这四个有效的医疗条件，其他值均为拼写错误,,
199,Condition,heaxt attack,FI,value_set,该列应该只包含这四个有效的医疗条件，其他值均为拼写错误,,
225,Condition,hexrt attxck,FI,value_set,该列应该只包含这四个有效的医疗条件，其他值均为拼写错误,,
229,Condition,heart faxlure,FI,value_set,该列应该只包含这四个有效的医疗条件，其他值均为拼写错误,,
236,Condition,suxgical infection pxevention,FI,value_set,该列应该只包含这四个有效的医疗条件，其他值均为拼写错误,,
239,Condition,surgxcal infectxon preventxon,FI,value_set,该列应该只包含这四个有效的医疗条件，其他值均为拼写错误,,
256,Condition,xneumonia,FI,value_set,该列应该只包含这四个有效的医疗条件，其他值均为拼写错误,,
279,Condition,xeart failure,FI,value_set,该列应该只包含这四个有效的医疗条件，其他值均为拼写错误,,
311,Condition,children s asthma care,FI,value_set,该列应该只包含这四个有效的医疗条件，其他值均为拼写错误,,
312,Condition,children s asthma care,FI,value_set,该列应该只包含这四个有效的医疗条件，其他值均为拼写错误,,
366,Condition,pnxumonia,FI,value_set,该列应该只包含这四个有效的医疗条件，其他值均为拼写错误,,
369,Condition,pnexmonia,FI,value_set,该列应该只包含这四个有效的医疗条件，其他值均为拼写错误,,
386,Condition,hxart failurx,FI,value_set,该列应该只包含这四个有效的医疗条件，其他值均为拼写错误,,
400,Condition,hxart failurx,FI,value_set,该列应该只包含这四个有效的医疗条件，其他值均为拼写错误,,
467,Condition,hexrt attxck,FI,value_set,该列应该只包含这四个有效的医疗条件，其他值均为拼写错误,,
506,Condition,pneumonix,FI,value_set,该列应该只包含这四个有效的医疗条件，其他值均为拼写错误,,
555,Condition,pxeumoxia,FI,value_set,该列应该只包含这四个有效的医疗条件，其他值均为拼写错误,,
599,Condition,heart faixure,FI,value_set,该列应该只包含这四个有效的医疗条件，其他值均为拼写错误,,
608,Condition,surgical ixfectiox prevextiox,FI,value_set,该列应该只包含这四个有效的医疗条件，其他值均为拼写错误,,
631,Condition,pneumonxa,FI,value_set,该列应该只包含这四个有效的医疗条件，其他值均为拼写错误,,
679,Condition,xneumonia,FI,value_set,该列应该只包含这四个有效的医疗条件，其他值均为拼写错误,,
695,Condition,heart attaxk,FI,value_set,该列应该只包含这四个有效的医疗条件，其他值均为拼写错误,,
698,Condition,hexrt fxilure,FI,value_set,该列应该只包含这四个有效的医疗条件，其他值均为拼写错误,,
712,Condition,surgical infection xrevention,FI,value_set,该列应该只包含这四个有效的医疗条件，其他值均为拼写错误,,
716,Condition,heartxattack,FI,value_set,该列应该只包含这四个有效的医疗条件，其他值均为拼写错误,,
733,Condition,suxgical infection pxevention,FI,value_set,该列应该只包含这四个有效的医疗条件，其他值均为拼写错误,,
766,Condition,children s asthma care,FI,value_set,该列应该只包含这四个有效的医疗条件，其他值均为拼写错误,,
774,Condition,children s asthma care,FI,value_set,该列应该只包含这四个有效的医疗条件，其他值均为拼写错误,,
775,Condition,children s asthma care,FI,value_set,该列应该只包含这四个有效的医疗条件，其他值均为拼写错误,,
776,Condition,children s asthma care,FI,value_set,该列应该只包含这四个有效的医疗条件，其他值均为拼写错误,,
780,Condition,heart attaxk,FI,value_set,该列应该只包含这四个有效的医疗条件，其他值均为拼写错误,,
851,Condition,surgical infxction prxvxntion,FI,value_set,该列应该只包含这四个有效的医疗条件，其他值均为拼写错误,,
869,Condition,surgical ixfectiox prevextiox,FI,value_set,该列应该只包含这四个有效的医疗条件，其他值均为拼写错误,,
902,Condition,children s asthma care,FI,value_set,该列应该只包含这四个有效的医疗条件，其他值均为拼写错误,,
903,Condition,children s asthma care,FI,value_set,该列应该只包含这四个有效的医疗条件，其他值均为拼写错误,,
904,Condition,children s asthma care,FI,value_set,该列应该只包含这四个有效的医疗条件，其他值均为拼写错误,,
955,Condition,hexrt attxck,FI,value_set,该列应该只包含这四个有效的医疗条件，其他值均为拼写错误,,
974,Condition,surgical xnfection prevention,FI,value_set,该列应该只包含这四个有效的医疗条件，其他值均为拼写错误,,
101,MeasureCode,hfx1,FI,regex,"All observed values match pattern: lowercase letters with optional dash-separated segments, ending with dash-number[optional letters].",,
108,MeasureCode,pnx5c,FI,regex,"All observed values match pattern: lowercase letters with optional dash-separated segments, ending with dash-number[optional letters].",,
177,MeasureCode,hf-x,FI,regex,"All observed values match pattern: lowercase letters with optional dash-separated segments, ending with dash-number[optional letters].",,
349,MeasureCode,amix2,FI,regex,"All observed values match pattern: lowercase letters with optional dash-separated segments, ending with dash-number[optional letters].",,
391,MeasureCode,pn-xb,FI,regex,"All observed values match pattern: lowercase letters with optional dash-separated segments, ending with dash-number[optional letters].",,
409,MeasureCode,scipxinfx1,FI,regex,"All observed values match pattern: lowercase letters with optional dash-separated segments, ending with dash-number[optional letters].",,
495,MeasureCode,ami-x,FI,regex,"All observed values match pattern: lowercase letters with optional dash-separated segments, ending with dash-number[optional letters].",,
648,MeasureCode,hfx1,FI,regex,"All observed values match pattern: lowercase letters with optional dash-separated segments, ending with dash-number[optional letters].",,
676,MeasureCode,hfx4,FI,regex,"All observed values match pattern: lowercase letters with optional dash-separated segments, ending with dash-number[optional letters].",,
691,MeasureCode,amix1,FI,regex,"All observed values match pattern: lowercase letters with optional dash-separated segments, ending with dash-number[optional letters].",,
788,MeasureCode,pn-x,FI,regex,"All observed values match pattern: lowercase letters with optional dash-separated segments, ending with dash-number[optional letters].",,
842,MeasureCode,pnx6,FI,regex,"All observed values match pattern: lowercase letters with optional dash-separated segments, ending with dash-number[optional letters].",,
930,MeasureCode,amix1,FI,regex,"All observed values match pattern: lowercase letters with optional dash-separated segments, ending with dash-number[optional letters].",,
0,Score,empty,MV,missing_value,缺失值：缺失哨兵(空串/NaN/empty 等),,
1,Score,empty,MV,missing_value,缺失值：缺失哨兵(空串/NaN/empty 等),,
2,Score,empty,MV,missing_value,缺失值：缺失哨兵(空串/NaN/empty 等),,
3,Score,empty,MV,missing_value,缺失值：缺失哨兵(空串/NaN/empty 等),,
4,Score,empty,MV,missing_value,缺失值：缺失哨兵(空串/NaN/empty 等),,
5,Score,empty,MV,missing_value,缺失值：缺失哨兵(空串/NaN/empty 等),,
6,Score,empty,MV,missing_value,缺失值：缺失哨兵(空串/NaN/empty 等),,
7,Score,empty,MV,missing_value,缺失值：缺失哨兵(空串/NaN/empty 等),,
13,Score,empty,MV,missing_value,缺失值：缺失哨兵(空串/NaN/empty 等),,
14,Score,empty,MV,missing_value,缺失值：缺失哨兵(空串/NaN/empty 等),,
24,Score,empty,MV,missing_value,缺失值：缺失哨兵(空串/NaN/empty 等),,
47,Score,empty,MV,missing_value,缺失值：缺失哨兵(空串/NaN/empty 等),,
49,Score,empty,MV,missing_value,缺失值：缺失哨兵(空串/NaN/empty 等),,
50,Score,empty,MV,missing_value,缺失值：缺失哨兵(空串/NaN/empty 等),,
65,Score,empty,MV,missing_value,缺失值：缺失哨兵(空串/NaN/empty 等),,
74,Score,empty,MV,missing_value,缺失值：缺失哨兵(空串/NaN/empty 等),,
96,Score,empty,MV,missing_value,缺失值：缺失哨兵(空串/NaN/empty 等),,
97,Score,empty,MV,missing_value,缺失值：缺失哨兵(空串/NaN/empty 等),,
99,Score,empty,MV,missing_value,缺失值：缺失哨兵(空串/NaN/empty 等),,
100,Score,empty,MV,missing_value,缺失值：缺失哨兵(空串/NaN/empty 等),,
115,Score,empty,MV,missing_value,缺失值：缺失哨兵(空串/NaN/empty 等),,
120,Score,x00%,FI,regex,Values are percentages (0%-100%) represented as one to three digits followed by '%'. Non-null values should match this pattern.,,
121,Score,empty,MV,missing_value,缺失值：缺失哨兵(空串/NaN/empty 等),,
122,Score,empty,MV,missing_value,缺失值：缺失哨兵(空串/NaN/empty 等),,
124,Score,empty,MV,missing_value,缺失值：缺失哨兵(空串/NaN/empty 等),,
125,Score,empty,MV,missing_value,缺失值：缺失哨兵(空串/NaN/empty 等),,
140,Score,empty,MV,missing_value,缺失值：缺失哨兵(空串/NaN/empty 等),,
149,Score,empty,MV,missing_value,缺失值：缺失哨兵(空串/NaN/empty 等),,
150,Score,empty,MV,missing_value,缺失值：缺失哨兵(空串/NaN/empty 等),,
158,Score,9x%,FI,regex,Values are percentages (0%-100%) represented as one to three digits followed by '%'. Non-null values should match this pattern.,,
163,Score,x7%,FI,regex,Values are percentages (0%-100%) represented as one to three digits followed by '%'. Non-null values should match this pattern.,,
165,Score,empty,MV,missing_value,缺失值：缺失哨兵(空串/NaN/empty 等),,
174,Score,empty,MV,missing_value,缺失值：缺失哨兵(空串/NaN/empty 等),,
175,Score,empty,MV,missing_value,缺失值：缺失哨兵(空串/NaN/empty 等),,
187,Score,95x,FI,regex,Values are percentages (0%-100%) represented as one to three digits followed by '%'. Non-null values should match this pattern.,,
190,Score,empty,MV,missing_value,缺失值：缺失哨兵(空串/NaN/empty 等),,
199,Score,empty,MV,missing_value,缺失值：缺失哨兵(空串/NaN/empty 等),,
208,Score,x5%,FI,regex,Values are percentages (0%-100%) represented as one to three digits followed by '%'. Non-null values should match this pattern.,,
237,Score,9x%,FI,regex,Values are percentages (0%-100%) represented as one to three digits followed by '%'. Non-null values should match this pattern.,,
238,Score,xx%,FI,regex,Values are percentages (0%-100%) represented as one to three digits followed by '%'. Non-null values should match this pattern.,,
240,Score,empty,MV,missing_value,缺失值：缺失哨兵(空串/NaN/empty 等),,
244,Score,empty,MV,missing_value,缺失值：缺失哨兵(空串/NaN/empty 等),,
245,Score,empty,MV,missing_value,缺失值：缺失哨兵(空串/NaN/empty 等),,
246,Score,empty,MV,missing_value,缺失值：缺失哨兵(空串/NaN/empty 等),,
247,Score,empty,MV,missing_value,缺失值：缺失哨兵(空串/NaN/empty 等),,
248,Score,empty,MV,missing_value,缺失值：缺失哨兵(空串/NaN/empty 等),,
249,Score,empty,MV,missing_value,缺失值：缺失哨兵(空串/NaN/empty 等),,
250,Score,empty,MV,missing_value,缺失值：缺失哨兵(空串/NaN/empty 等),,
252,Score,89x,FI,regex,Values are percentages (0%-100%) represented as one to three digits followed by '%'. Non-null values should match this pattern.,,
256,Score,x6%,FI,regex,Values are percentages (0%-100%) represented as one to three digits followed by '%'. Non-null values should match this pattern.,,
261,Score,empty,MV,missing_value,缺失值：缺失哨兵(空串/NaN/empty 等),,
265,Score,empty,MV,missing_value,缺失值：缺失哨兵(空串/NaN/empty 等),,
274,Score,empty,MV,missing_value,缺失值：缺失哨兵(空串/NaN/empty 等),,
294,Score,empty,MV,missing_value,缺失值：缺失哨兵(空串/NaN/empty 等),,
295,Score,empty,MV,missing_value,缺失值：缺失哨兵(空串/NaN/empty 等),,
296,Score,empty,MV,missing_value,缺失值：缺失哨兵(空串/NaN/empty 等),,
297,Score,empty,MV,missing_value,缺失值：缺失哨兵(空串/NaN/empty 等),,
298,Score,empty,MV,missing_value,缺失值：缺失哨兵(空串/NaN/empty 等),,
299,Score,empty,MV,missing_value,缺失值：缺失哨兵(空串/NaN/empty 等),,
300,Score,empty,MV,missing_value,缺失值：缺失哨兵(空串/NaN/empty 等),,
301,Score,empty,MV,missing_value,缺失值：缺失哨兵(空串/NaN/empty 等),,
302,Score,empty,MV,missing_value,缺失值：缺失哨兵(空串/NaN/empty 等),,
303,Score,empty,MV,missing_value,缺失值：缺失哨兵(空串/NaN/empty 等),,
304,Score,empty,MV,missing_value,缺失值：缺失哨兵(空串/NaN/empty 等),,
305,Score,empty,MV,missing_value,缺失值：缺失哨兵(空串/NaN/empty 等),,
306,Score,empty,MV,missing_value,缺失值：缺失哨兵(空串/NaN/empty 等),,
307,Score,empty,MV,missing_value,缺失值：缺失哨兵(空串/NaN/empty 等),,
308,Score,empty,MV,missing_value,缺失值：缺失哨兵(空串/NaN/empty 等),,
309,Score,empty,MV,missing_value,缺失值：缺失哨兵(空串/NaN/empty 等),,
310,Score,empty,MV,missing_value,缺失值：缺失哨兵(空串/NaN/empty 等),,
336,Score,x00%,FI,regex,Values are percentages (0%-100%) represented as one to three digits followed by '%'. Non-null values should match this pattern.,,
360,Score,empty,MV,missing_value,缺失值：缺失哨兵(空串/NaN/empty 等),,
375,Score,empty,MV,missing_value,缺失值：缺失哨兵(空串/NaN/empty 等),,
378,Score,x5%,FI,regex,Values are percentages (0%-100%) represented as one to three digits followed by '%'. Non-null values should match this pattern.,,
384,Score,empty,MV,missing_value,缺失值：缺失哨兵(空串/NaN/empty 等),,
394,Score,empty,MV,missing_value,缺失值：缺失哨兵(空串/NaN/empty 等),,
396,Score,empty,MV,missing_value,缺失值：缺失哨兵(空串/NaN/empty 等),,
397,Score,empty,MV,missing_value,缺失值：缺失哨兵(空串/NaN/empty 等),,
405,Score,x4%,FI,regex,Values are percentages (0%-100%) represented as one to three digits followed by '%'. Non-null values should match this pattern.,,
411,Score,1xx%,FI,regex,Values are percentages (0%-100%) represented as one to three digits followed by '%'. Non-null values should match this pattern.,,
417,Score,empty,MV,missing_value,缺失值：缺失哨兵(空串/NaN/empty 等),,
419,Score,empty,MV,missing_value,缺失值：缺失哨兵(空串/NaN/empty 等),,
420,Score,empty,MV,missing_value,缺失值：缺失哨兵(空串/NaN/empty 等),,
426,Score,x7%,FI,regex,Values are percentages (0%-100%) represented as one to three digits followed by '%'. Non-null values should match this pattern.,,
450,Score,empty,MV,missing_value,缺失值：缺失哨兵(空串/NaN/empty 等),,
451,Score,empty,MV,missing_value,缺失值：缺失哨兵(空串/NaN/empty 等),,
462,Score,empty,MV,missing_value,缺失值：缺失哨兵(空串/NaN/empty 等),,
468,Score,empty,MV,missing_value,缺失值：缺失哨兵(空串/NaN/empty 等),,
472,Score,empty,MV,missing_value,缺失值：缺失哨兵(空串/NaN/empty 等),,
487,Score,empty,MV,missing_value,缺失值：缺失哨兵(空串/NaN/empty 等),,
488,Score,1xx%,FI,regex,Values are percentages (0%-100%) represented as one to three digits followed by '%'. Non-null values should match this pattern.,,
491,Score,empty,MV,missing_value,缺失值：缺失哨兵(空串/NaN/empty 等),,
493,Score,empty,MV,missing_value,缺失值：缺失哨兵(空串/NaN/empty 等),,
494,Score,empty,MV,missing_value,缺失值：缺失哨兵(空串/NaN/empty 等),,
495,Score,empty,MV,missing_value,缺失值：缺失哨兵(空串/NaN/empty 等),,
496,Score,empty,MV,missing_value,缺失值：缺失哨兵(空串/NaN/empty 等),,
497,Score,empty,MV,missing_value,缺失值：缺失哨兵(空串/NaN/empty 等),,
506,Score,93x,FI,regex,Values are percentages (0%-100%) represented as one to three digits followed by '%'. Non-null values should match this pattern.,,
508,Score,empty,MV,missing_value,缺失值：缺失哨兵(空串/NaN/empty 等),,
512,Score,empty,MV,missing_value,缺失值：缺失哨兵(空串/NaN/empty 等),,
514,Score,1xx%,FI,regex,Values are percentages (0%-100%) represented as one to three digits followed by '%'. Non-null values should match this pattern.,,
521,Score,empty,MV,missing_value,缺失值：缺失哨兵(空串/NaN/empty 等),,
546,Score,empty,MV,missing_value,缺失值：缺失哨兵(空串/NaN/empty 等),,
572,Score,empty,MV,missing_value,缺失值：缺失哨兵(空串/NaN/empty 等),,
587,Score,empty,MV,missing_value,缺失值：缺失哨兵(空串/NaN/empty 等),,
591,Score,empty,MV,missing_value,缺失值：缺失哨兵(空串/NaN/empty 等),,
592,Score,empty,MV,missing_value,缺失值：缺失哨兵(空串/NaN/empty 等),,
593,Score,empty,MV,missing_value,缺失值：缺失哨兵(空串/NaN/empty 等),,
594,Score,empty,MV,missing_value,缺失值：缺失哨兵(空串/NaN/empty 等),,
595,Score,empty,MV,missing_value,缺失值：缺失哨兵(空串/NaN/empty 等),,
596,Score,empty,MV,missing_value,缺失值：缺失哨兵(空串/NaN/empty 等),,
597,Score,empty,MV,missing_value,缺失值：缺失哨兵(空串/NaN/empty 等),,
600,Score,empty,MV,missing_value,缺失值：缺失哨兵(空串/NaN/empty 等),,
601,Score,empty,MV,missing_value,缺失值：缺失哨兵(空串/NaN/empty 等),,
608,Score,empty,MV,missing_value,缺失值：缺失哨兵(空串/NaN/empty 等),,
609,Score,empty,MV,missing_value,缺失值：缺失哨兵(空串/NaN/empty 等),,
610,Score,empty,MV,missing_value,缺失值：缺失哨兵(空串/NaN/empty 等),,
611,Score,empty,MV,missing_value,缺失值：缺失哨兵(空串/NaN/empty 等),,
612,Score,empty,MV,missing_value,缺失值：缺失哨兵(空串/NaN/empty 等),,
613,Score,empty,MV,missing_value,缺失值：缺失哨兵(空串/NaN/empty 等),,
614,Score,empty,MV,missing_value,缺失值：缺失哨兵(空串/NaN/empty 等),,
615,Score,empty,MV,missing_value,缺失值：缺失哨兵(空串/NaN/empty 等),,
621,Score,empty,MV,missing_value,缺失值：缺失哨兵(空串/NaN/empty 等),,
643,Score,empty,MV,missing_value,缺失值：缺失哨兵(空串/NaN/empty 等),,
644,Score,empty,MV,missing_value,缺失值：缺失哨兵(空串/NaN/empty 等),,
646,Score,empty,MV,missing_value,缺失值：缺失哨兵(空串/NaN/empty 等),,
647,Score,empty,MV,missing_value,缺失值：缺失哨兵(空串/NaN/empty 等),,
658,Score,empty,MV,missing_value,缺失值：缺失哨兵(空串/NaN/empty 等),,
659,Score,empty,MV,missing_value,缺失值：缺失哨兵(空串/NaN/empty 等),,
660,Score,empty,MV,missing_value,缺失值：缺失哨兵(空串/NaN/empty 等),,
661,Score,empty,MV,missing_value,缺失值：缺失哨兵(空串/NaN/empty 等),,
662,Score,empty,MV,missing_value,缺失值：缺失哨兵(空串/NaN/empty 等),,
663,Score,empty,MV,missing_value,缺失值：缺失哨兵(空串/NaN/empty 等),,
664,Score,empty,MV,missing_value,缺失值：缺失哨兵(空串/NaN/empty 等),,
665,Score,empty,MV,missing_value,缺失值：缺失哨兵(空串/NaN/empty 等),,
671,Score,empty,MV,missing_value,缺失值：缺失哨兵(空串/NaN/empty 等),,
694,Score,empty,MV,missing_value,缺失值：缺失哨兵(空串/NaN/empty 等),,
696,Score,empty,MV,missing_value,缺失值：缺失哨兵(空串/NaN/empty 等),,
697,Score,empty,MV,missing_value,缺失值：缺失哨兵(空串/NaN/empty 等),,
698,Score,xx%,FI,regex,Values are percentages (0%-100%) represented as one to three digits followed by '%'. Non-null values should match this pattern.,,
711,Score,1xx%,FI,regex,Values are percentages (0%-100%) represented as one to three digits followed by '%'. Non-null values should match this pattern.,,
712,Score,empty,MV,missing_value,缺失值：缺失哨兵(空串/NaN/empty 等),,
718,Score,x7%,FI,regex,Values are percentages (0%-100%) represented as one to three digits followed by '%'. Non-null values should match this pattern.,,
721,Score,empty,MV,missing_value,缺失值：缺失哨兵(空串/NaN/empty 等),,
722,Score,empty,MV,missing_value,缺失值：缺失哨兵(空串/NaN/empty 等),,
737,Score,empty,MV,missing_value,缺失值：缺失哨兵(空串/NaN/empty 等),,
744,Score,empty,MV,missing_value,缺失值：缺失哨兵(空串/NaN/empty 等),,
746,Score,empty,MV,missing_value,缺失值：缺失哨兵(空串/NaN/empty 等),,
747,Score,empty,MV,missing_value,缺失值：缺失哨兵(空串/NaN/empty 等),,
762,Score,empty,MV,missing_value,缺失值：缺失哨兵(空串/NaN/empty 等),,
769,Score,x3%,FI,regex,Values are percentages (0%-100%) represented as one to three digits followed by '%'. Non-null values should match this pattern.,,
770,Score,empty,MV,missing_value,缺失值：缺失哨兵(空串/NaN/empty 等),,
782,Score,empty,MV,missing_value,缺失值：缺失哨兵(空串/NaN/empty 等),,
830,Score,empty,MV,missing_value,缺失值：缺失哨兵(空串/NaN/empty 等),,
832,Score,empty,MV,missing_value,缺失值：缺失哨兵(空串/NaN/empty 等),,
833,Score,empty,MV,missing_value,缺失值：缺失哨兵(空串/NaN/empty 等),,
848,Score,empty,MV,missing_value,缺失值：缺失哨兵(空串/NaN/empty 等),,
850,Score,empty,MV,missing_value,缺失值：缺失哨兵(空串/NaN/empty 等),,
851,Score,empty,MV,missing_value,缺失值：缺失哨兵(空串/NaN/empty 等),,
855,Score,empty,MV,missing_value,缺失值：缺失哨兵(空串/NaN/empty 等),,
857,Score,empty,MV,missing_value,缺失值：缺失哨兵(空串/NaN/empty 等),,
858,Score,empty,MV,missing_value,缺失值：缺失哨兵(空串/NaN/empty 等),,
860,Score,80x,FI,regex,Values are percentages (0%-100%) represented as one to three digits followed by '%'. Non-null values should match this pattern.,,
873,Score,empty,MV,missing_value,缺失值：缺失哨兵(空串/NaN/empty 等),,
882,Score,empty,MV,missing_value,缺失值：缺失哨兵(空串/NaN/empty 等),,
883,Score,empty,MV,missing_value,缺失值：缺失哨兵(空串/NaN/empty 等),,
888,Score,x5%,FI,regex,Values are percentages (0%-100%) represented as one to three digits followed by '%'. Non-null values should match this pattern.,,
894,Score,empty,MV,missing_value,缺失值：缺失哨兵(空串/NaN/empty 等),,
895,Score,empty,MV,missing_value,缺失值：缺失哨兵(空串/NaN/empty 等),,
896,Score,empty,MV,missing_value,缺失值：缺失哨兵(空串/NaN/empty 等),,
897,Score,empty,MV,missing_value,缺失值：缺失哨兵(空串/NaN/empty 等),,
898,Score,empty,MV,missing_value,缺失值：缺失哨兵(空串/NaN/empty 等),,
935,Score,empty,MV,missing_value,缺失值：缺失哨兵(空串/NaN/empty 等),,
936,Score,empty,MV,missing_value,缺失值：缺失哨兵(空串/NaN/empty 等),,
947,Score,empty,MV,missing_value,缺失值：缺失哨兵(空串/NaN/empty 等),,
948,Score,empty,MV,missing_value,缺失值：缺失哨兵(空串/NaN/empty 等),,
949,Score,empty,MV,missing_value,缺失值：缺失哨兵(空串/NaN/empty 等),,
950,Score,empty,MV,missing_value,缺失值：缺失哨兵(空串/NaN/empty 等),,
951,Score,empty,MV,missing_value,缺失值：缺失哨兵(空串/NaN/empty 等),,
952,Score,empty,MV,missing_value,缺失值：缺失哨兵(空串/NaN/empty 等),,
953,Score,empty,MV,missing_value,缺失值：缺失哨兵(空串/NaN/empty 等),,
954,Score,empty,MV,missing_value,缺失值：缺失哨兵(空串/NaN/empty 等),,
957,Score,empty,MV,missing_value,缺失值：缺失哨兵(空串/NaN/empty 等),,
958,Score,empty,MV,missing_value,缺失值：缺失哨兵(空串/NaN/empty 等),,
960,Score,empty,MV,missing_value,缺失值：缺失哨兵(空串/NaN/empty 等),,
961,Score,empty,MV,missing_value,缺失值：缺失哨兵(空串/NaN/empty 等),,
976,Score,empty,MV,missing_value,缺失值：缺失哨兵(空串/NaN/empty 等),,
983,Score,empty,MV,missing_value,缺失值：缺失哨兵(空串/NaN/empty 等),,
985,Score,empty,MV,missing_value,缺失值：缺失哨兵(空串/NaN/empty 等),,
986,Score,empty,MV,missing_value,缺失值：缺失哨兵(空串/NaN/empty 等),,
0,Sample,empty,MV,missing_value,缺失值：缺失哨兵(空串/NaN/empty 等),,
1,Sample,empty,MV,missing_value,缺失值：缺失哨兵(空串/NaN/empty 等),,
2,Sample,empty,MV,missing_value,缺失值：缺失哨兵(空串/NaN/empty 等),,
3,Sample,empty,MV,missing_value,缺失值：缺失哨兵(空串/NaN/empty 等),,
4,Sample,empty,MV,missing_value,缺失值：缺失哨兵(空串/NaN/empty 等),,
5,Sample,empty,MV,missing_value,缺失值：缺失哨兵(空串/NaN/empty 等),,
6,Sample,empty,MV,missing_value,缺失值：缺失哨兵(空串/NaN/empty 等),,
7,Sample,empty,MV,missing_value,缺失值：缺失哨兵(空串/NaN/empty 等),,
17,Sample,3x patients,FI,regex,绝大部分值都是数字+空格+patients，数字1-4位,,
91,Sample,619 paxienxs,FI,regex,绝大部分值都是数字+空格+patients，数字1-4位,,
115,Sample,0 patixnts,FI,regex,绝大部分值都是数字+空格+patients，数字1-4位,,
133,Sample,21 pxtients,FI,regex,绝大部分值都是数字+空格+patients，数字1-4位,,
166,Sample,xx patients,FI,regex,绝大部分值都是数字+空格+patients，数字1-4位,,
170,Sample,6xpatients,FI,regex,绝大部分值都是数字+空格+patients，数字1-4位,,
224,Sample,1 patiexts,FI,regex,绝大部分值都是数字+空格+patients，数字1-4位,,
234,Sample,82 patientx,FI,regex,绝大部分值都是数字+空格+patients，数字1-4位,,
261,Sample,empty,MV,missing_value,缺失值：缺失哨兵(空串/NaN/empty 等),,
294,Sample,empty,MV,missing_value,缺失值：缺失哨兵(空串/NaN/empty 等),,
295,Sample,empty,MV,missing_value,缺失值：缺失哨兵(空串/NaN/empty 等),,
296,Sample,empty,MV,missing_value,缺失值：缺失哨兵(空串/NaN/empty 等),,
297,Sample,empty,MV,missing_value,缺失值：缺失哨兵(空串/NaN/empty 等),,
298,Sample,empty,MV,missing_value,缺失值：缺失哨兵(空串/NaN/empty 等),,
299,Sample,empty,MV,missing_value,缺失值：缺失哨兵(空串/NaN/empty 等),,
300,Sample,empty,MV,missing_value,缺失值：缺失哨兵(空串/NaN/empty 等),,
301,Sample,empty,MV,missing_value,缺失值：缺失哨兵(空串/NaN/empty 等),,
302,Sample,empty,MV,missing_value,缺失值：缺失哨兵(空串/NaN/empty 等),,
303,Sample,empty,MV,missing_value,缺失值：缺失哨兵(空串/NaN/empty 等),,
304,Sample,empty,MV,missing_value,缺失值：缺失哨兵(空串/NaN/empty 等),,
305,Sample,empty,MV,missing_value,缺失值：缺失哨兵(空串/NaN/empty 等),,
306,Sample,empty,MV,missing_value,缺失值：缺失哨兵(空串/NaN/empty 等),,
307,Sample,empty,MV,missing_value,缺失值：缺失哨兵(空串/NaN/empty 等),,
308,Sample,empty,MV,missing_value,缺失值：缺失哨兵(空串/NaN/empty 等),,
309,Sample,empty,MV,missing_value,缺失值：缺失哨兵(空串/NaN/empty 等),,
310,Sample,empty,MV,missing_value,缺失值：缺失哨兵(空串/NaN/empty 等),,
316,Sample,29 xatients,FI,regex,绝大部分值都是数字+空格+patients，数字1-4位,,
354,Sample,1x patients,FI,regex,绝大部分值都是数字+空格+patients，数字1-4位,,
413,Sample,125 patixnts,FI,regex,绝大部分值都是数字+空格+patients，数字1-4位,,
418,Sample,4 xatients,FI,regex,绝大部分值都是数字+空格+patients，数字1-4位,,
444,Sample,521 patiexts,FI,regex,绝大部分值都是数字+空格+patients，数字1-4位,,
450,Sample,empty,MV,missing_value,缺失值：缺失哨兵(空串/NaN/empty 等),,
451,Sample,empty,MV,missing_value,缺失值：缺失哨兵(空串/NaN/empty 等),,
462,Sample,x patients,FI,regex,绝大部分值都是数字+空格+patients，数字1-4位,,
482,Sample,62 patientx,FI,regex,绝大部分值都是数字+空格+patients，数字1-4位,,
496,Sample,0 patxents,FI,regex,绝大部分值都是数字+空格+patients，数字1-4位,,
502,Sample,44 paxienxs,FI,regex,绝大部分值都是数字+空格+patients，数字1-4位,,
508,Sample,empty,MV,missing_value,缺失值：缺失哨兵(空串/NaN/empty 等),,
523,Sample,25x patients,FI,regex,绝大部分值都是数字+空格+patients，数字1-4位,,
532,Sample,87 patientx,FI,regex,绝大部分值都是数字+空格+patients，数字1-4位,,
546,Sample,x patients,FI,regex,绝大部分值都是数字+空格+patients，数字1-4位,,
554,Sample,74 patxents,FI,regex,绝大部分值都是数字+空格+patients，数字1-4位,,
580,Sample,50 pxtients,FI,regex,绝大部分值都是数字+空格+patients，数字1-4位,,
588,Sample,172 patxents,FI,regex,绝大部分值都是数字+空格+patients，数字1-4位,,
591,Sample,empty,MV,missing_value,缺失值：缺失哨兵(空串/NaN/empty 等),,
592,Sample,empty,MV,missing_value,缺失值：缺失哨兵(空串/NaN/empty 等),,
593,Sample,empty,MV,missing_value,缺失值：缺失哨兵(空串/NaN/empty 等),,
594,Sample,empty,MV,missing_value,缺失值：缺失哨兵(空串/NaN/empty 等),,
595,Sample,empty,MV,missing_value,缺失值：缺失哨兵(空串/NaN/empty 等),,
596,Sample,empty,MV,missing_value,缺失值：缺失哨兵(空串/NaN/empty 等),,
597,Sample,empty,MV,missing_value,缺失值：缺失哨兵(空串/NaN/empty 等),,
608,Sample,empty,MV,missing_value,缺失值：缺失哨兵(空串/NaN/empty 等),,
609,Sample,empty,MV,missing_value,缺失值：缺失哨兵(空串/NaN/empty 等),,
610,Sample,empty,MV,missing_value,缺失值：缺失哨兵(空串/NaN/empty 等),,
611,Sample,empty,MV,missing_value,缺失值：缺失哨兵(空串/NaN/empty 等),,
612,Sample,empty,MV,missing_value,缺失值：缺失哨兵(空串/NaN/empty 等),,
613,Sample,empty,MV,missing_value,缺失值：缺失哨兵(空串/NaN/empty 等),,
614,Sample,empty,MV,missing_value,缺失值：缺失哨兵(空串/NaN/empty 等),,
615,Sample,empty,MV,missing_value,缺失值：缺失哨兵(空串/NaN/empty 等),,
658,Sample,empty,MV,missing_value,缺失值：缺失哨兵(空串/NaN/empty 等),,
659,Sample,empty,MV,missing_value,缺失值：缺失哨兵(空串/NaN/empty 等),,
660,Sample,empty,MV,missing_value,缺失值：缺失哨兵(空串/NaN/empty 等),,
661,Sample,empty,MV,missing_value,缺失值：缺失哨兵(空串/NaN/empty 等),,
662,Sample,empty,MV,missing_value,缺失值：缺失哨兵(空串/NaN/empty 等),,
663,Sample,empty,MV,missing_value,缺失值：缺失哨兵(空串/NaN/empty 等),,
664,Sample,empty,MV,missing_value,缺失值：缺失哨兵(空串/NaN/empty 等),,
665,Sample,empty,MV,missing_value,缺失值：缺失哨兵(空串/NaN/empty 等),,
668,Sample,87 paxienxs,FI,regex,绝大部分值都是数字+空格+patients，数字1-4位,,
673,Sample,618 xatients,FI,regex,绝大部分值都是数字+空格+patients，数字1-4位,,
776,Sample,193 paxienxs,FI,regex,绝大部分值都是数字+空格+patients，数字1-4位,,
845,Sample,4 patiexts,FI,regex,绝大部分值都是数字+空格+patients，数字1-4位,,
866,Sample,121 patiexts,FI,regex,绝大部分值都是数字+空格+patients，数字1-4位,,
872,Sample,15 patiexts,FI,regex,绝大部分值都是数字+空格+patients，数字1-4位,,
905,Sample,126 patxents,FI,regex,绝大部分值都是数字+空格+patients，数字1-4位,,
947,Sample,empty,MV,missing_value,缺失值：缺失哨兵(空串/NaN/empty 等),,
948,Sample,empty,MV,missing_value,缺失值：缺失哨兵(空串/NaN/empty 等),,
949,Sample,empty,MV,missing_value,缺失值：缺失哨兵(空串/NaN/empty 等),,
950,Sample,empty,MV,missing_value,缺失值：缺失哨兵(空串/NaN/empty 等),,
951,Sample,empty,MV,missing_value,缺失值：缺失哨兵(空串/NaN/empty 等),,
952,Sample,empty,MV,missing_value,缺失值：缺失哨兵(空串/NaN/empty 等),,
953,Sample,empty,MV,missing_value,缺失值：缺失哨兵(空串/NaN/empty 等),,
954,Sample,empty,MV,missing_value,缺失值：缺失哨兵(空串/NaN/empty 等),,
972,Sample,27 paxienxs,FI,regex,绝大部分值都是数字+空格+patients，数字1-4位,,
56,Stateavg,al_pn-xb,FI,regex,格式为'al_'前缀、字母与连字符组成的中间部分、连字符、数字和可选字母后缀,,
244,Stateavg,ax_ami-1,FI,regex,格式为'al_'前缀、字母与连字符组成的中间部分、连字符、数字和可选字母后缀,,
248,Stateavg,xl_xmi-5,FI,regex,格式为'al_'前缀、字母与连字符组成的中间部分、连字符、数字和可选字母后缀,,
334,Stateavg,al_pnx2,FI,regex,格式为'al_'前缀、字母与连字符组成的中间部分、连字符、数字和可选字母后缀,,
347,Stateavg,al_scipxvtex2,FI,regex,格式为'al_'前缀、字母与连字符组成的中间部分、连字符、数字和可选字母后缀,,
370,Stateavg,alxpn-7,FI,regex,格式为'al_'前缀、字母与连字符组成的中间部分、连字符、数字和可选字母后缀,,
432,Stateavg,ak_hf-1,FI,regex,格式为'al_'前缀、字母与连字符组成的中间部分、连字符、数字和可选字母后缀,,
433,Stateavg,ak_hf-2,FI,regex,格式为'al_'前缀、字母与连字符组成的中间部分、连字符、数字和可选字母后缀,,
434,Stateavg,ak_hf-3,FI,regex,格式为'al_'前缀、字母与连字符组成的中间部分、连字符、数字和可选字母后缀,,
435,Stateavg,ak_hf-4,FI,regex,格式为'al_'前缀、字母与连字符组成的中间部分、连字符、数字和可选字母后缀,,
436,Stateavg,ak_pn-2,FI,regex,格式为'al_'前缀、字母与连字符组成的中间部分、连字符、数字和可选字母后缀,,
437,Stateavg,ak_pn-3b,FI,regex,格式为'al_'前缀、字母与连字符组成的中间部分、连字符、数字和可选字母后缀,,
438,Stateavg,ak_pn-4,FI,regex,格式为'al_'前缀、字母与连字符组成的中间部分、连字符、数字和可选字母后缀,,
439,Stateavg,ak_pn-5c,FI,regex,格式为'al_'前缀、字母与连字符组成的中间部分、连字符、数字和可选字母后缀,,
440,Stateavg,ak_pn-6,FI,regex,格式为'al_'前缀、字母与连字符组成的中间部分、连字符、数字和可选字母后缀,,
441,Stateavg,ak_pn-7,FI,regex,格式为'al_'前缀、字母与连字符组成的中间部分、连字符、数字和可选字母后缀,,
442,Stateavg,ak_scip-card-2,FI,regex,格式为'al_'前缀、字母与连字符组成的中间部分、连字符、数字和可选字母后缀,,
443,Stateavg,ak_scip-inf-1,FI,regex,格式为'al_'前缀、字母与连字符组成的中间部分、连字符、数字和可选字母后缀,,
444,Stateavg,ak_scip-inf-2,FI,regex,格式为'al_'前缀、字母与连字符组成的中间部分、连字符、数字和可选字母后缀,,
445,Stateavg,ak_scip-inf-3,FI,regex,格式为'al_'前缀、字母与连字符组成的中间部分、连字符、数字和可选字母后缀,,
446,Stateavg,ak_scip-inf-4,FI,regex,格式为'al_'前缀、字母与连字符组成的中间部分、连字符、数字和可选字母后缀,,
447,Stateavg,ak_scip-inf-6,FI,regex,格式为'al_'前缀、字母与连字符组成的中间部分、连字符、数字和可选字母后缀,,
448,Stateavg,ak_scip-vte-1,FI,regex,格式为'al_'前缀、字母与连字符组成的中间部分、连字符、数字和可选字母后缀,,
449,Stateavg,ak_scip-vte-2,FI,regex,格式为'al_'前缀、字母与连字符组成的中间部分、连字符、数字和可选字母后缀,,
450,Stateavg,ak_ami-1,FI,regex,格式为'al_'前缀、字母与连字符组成的中间部分、连字符、数字和可选字母后缀,,
451,Stateavg,ak_ami-2,FI,regex,格式为'al_'前缀、字母与连字符组成的中间部分、连字符、数字和可选字母后缀,,
477,Stateavg,ax_pn-2,FI,regex,格式为'al_'前缀、字母与连字符组成的中间部分、连字符、数字和可选字母后缀,,
564,Stateavg,al_scipxvtex1,FI,regex,格式为'al_'前缀、字母与连字符组成的中间部分、连字符、数字和可选字母后缀,,
567,Stateavg,xl_xmi-2,FI,regex,格式为'al_'前缀、字母与连字符组成的中间部分、连字符、数字和可选字母后缀,,
622,Stateavg,al_amix8a,FI,regex,格式为'al_'前缀、字母与连字符组成的中间部分、连字符、数字和可选字母后缀,,
646,Stateavg,alxami-7a,FI,regex,格式为'al_'前缀、字母与连字符组成的中间部分、连字符、数字和可选字母后缀,,
678,Stateavg,alxpn-3b,FI,regex,格式为'al_'前缀、字母与连字符组成的中间部分、连字符、数字和可选字母后缀,,
760,Stateavg,al_scipxinfx2,FI,regex,格式为'al_'前缀、字母与连字符组成的中间部分、连字符、数字和可选字母后缀,,
787,Stateavg,al_hf-x,FI,regex,格式为'al_'前缀、字母与连字符组成的中间部分、连字符、数字和可选字母后缀,,
796,Stateavg,xl_scip-inf-2,FI,regex,格式为'al_'前缀、字母与连字符组成的中间部分、连字符、数字和可选字母后缀,,
827,Stateavg,xl_xmi-1,FI,regex,格式为'al_'前缀、字母与连字符组成的中间部分、连字符、数字和可选字母后缀,,
842,Stateavg,al_pnx6,FI,regex,格式为'al_'前缀、字母与连字符组成的中间部分、连字符、数字和可选字母后缀,,
920,Stateavg,alxpn-6,FI,regex,格式为'al_'前缀、字母与连字符组成的中间部分、连字符、数字和可选字母后缀,,
26,HospitalName,southeast alabama medxcal center,T,typo_near_frequent,疑似拼写错误: 'southeast alabama medxcal center'(出现1次) 与高频值 'southeast alabama medical center'(出现24次) 编辑距离1,southeast alabama medical center,1.0
131,HospitalName,crenshaw cxmmunity hxspital,T,typo_near_frequent,疑似拼写错误: 'crenshaw cxmmunity hxspital'(出现1次) 与高频值 'crenshaw community hospital'(出现24次) 编辑距离2,crenshaw community hospital,0.978
171,HospitalName,marshall medical cenxer norxh,T,typo_near_frequent,疑似拼写错误: 'marshall medical cenxer norxh'(出现1次) 与高频值 'marshall medical center north'(出现24次) 编辑距离2,marshall medical center north,0.979
243,HospitalName,dexalb regional medical center,T,typo_near_frequent,疑似拼写错误: 'dexalb regional medical center'(出现1次) 与高频值 'dekalb regional medical center'(出现24次) 编辑距离1,dekalb regional medical center,1.0
337,HospitalName,floxers hospital,T,typo_near_frequent,疑似拼写错误: 'floxers hospital'(出现1次) 与高频值 'flowers hospital'(出现16次) 编辑距离1,flowers hospital,0.92
384,HospitalName,univ ox south alabama medical center,T,typo_near_frequent,疑似拼写错误: 'univ ox south alabama medical center'(出现1次) 与高频值 'univ of south alabama medical center'(出现11次) 编辑距离1,univ of south alabama medical center,0.82
385,HospitalName,xniv of soxth alabama medical center,T,typo_near_frequent,疑似拼写错误: 'xniv of soxth alabama medical center'(出现1次) 与高频值 'univ of south alabama medical center'(出现11次) 编辑距离2,univ of south alabama medical center,0.803
532,HospitalName,baptist medical cexter south,T,typo_near_frequent,疑似拼写错误: 'baptist medical cexter south'(出现1次) 与高频值 'baptist medical center south'(出现24次) 编辑距离1,baptist medical center south,1.0
654,HospitalName,wedowee hosxital,T,typo_near_frequent,疑似拼写错误: 'wedowee hosxital'(出现1次) 与高频值 'wedowee hospital'(出现24次) 编辑距离1,wedowee hospital,1.0
697,HospitalName,communitx hospital inc,T,typo_near_frequent,疑似拼写错误: 'communitx hospital inc'(出现1次) 与高频值 'community hospital inc'(出现23次) 编辑距离1,community hospital inc,1.0
710,HospitalName,communixy hospixal inc,T,typo_near_frequent,疑似拼写错误: 'communixy hospixal inc'(出现1次) 与高频值 'community hospital inc'(出现23次) 编辑距离2,community hospital inc,0.973
765,HospitalName,andaluxia regional hoxpital,T,typo_near_frequent,疑似拼写错误: 'andaluxia regional hoxpital'(出现1次) 与高频值 'andalusia regional hospital'(出现23次) 编辑距离2,andalusia regional hospital,0.978
777,HospitalName,huntsvxlle hospxtal,T,typo_near_frequent,疑似拼写错误: 'huntsvxlle hospxtal'(出现1次) 与高频值 'huntsville hospital'(出现27次) 编辑距离2,huntsville hospital,0.968
922,HospitalName,riverview rexional medical center,T,typo_near_frequent,疑似拼写错误: 'riverview rexional medical center'(出现1次) 与高频值 'riverview regional medical center'(出现25次) 编辑距离1,riverview regional medical center,1.0
938,HospitalName,georgiaxa hospital,T,typo_near_frequent,疑似拼写错误: 'georgiaxa hospital'(出现1次) 与高频值 'georgiana hospital'(出现24次) 编辑距离1,georgiana hospital,1.0
956,HospitalName,medixal xenter enterprise,T,typo_near_frequent,疑似拼写错误: 'medixal xenter enterprise'(出现1次) 与高频值 'medical center enterprise'(出现23次) 编辑距离2,medical center enterprise,0.976
962,HospitalName,medxcal center enterprxse,T,typo_near_frequent,疑似拼写错误: 'medxcal center enterprxse'(出现1次) 与高频值 'medical center enterprise'(出现23次) 编辑距离2,medical center enterprise,0.976
987,HospitalName,st vincents bxount,T,typo_near_frequent,疑似拼写错误: 'st vincents bxount'(出现1次) 与高频值 'st vincents blount'(出现19次) 编辑距离1,st vincents blount,0.98
106,Address,702 x maix st,T,typo_near_frequent,疑似拼写错误: '702 x maix st'(出现1次) 与高频值 '702 n main st'(出现23次) 编辑距离2,702 n main st,0.954
175,Address,8000 alabama xigxway 69,T,typo_near_frequent,疑似拼写错误: '8000 alabama xigxway 69'(出现1次) 与高频值 '8000 alabama highway 69'(出现24次) 编辑距离2,8000 alabama highway 69,0.974
260,Address,33700 hxghway 43,T,typo_near_frequent,疑似拼写错误: '33700 hxghway 43'(出现1次) 与高频值 '33700 highway 43'(出现23次) 编辑距离1,33700 highway 43,1.0
264,Address,33700 highway x3,T,typo_near_frequent,疑似拼写错误: '33700 highway x3'(出现1次) 与高频值 '33700 highway 43'(出现23次) 编辑距离1,33700 highway 43,1.0
295,Address,1720 univxrsity blvd,T,typo_near_frequent,疑似拼写错误: '1720 univxrsity blvd'(出现1次) 与高频值 '1720 university blvd'(出现24次) 编辑距离1,1720 university blvd,1.0
411,Address,124 s mxmorial dr,T,typo_near_frequent,疑似拼写错误: '124 s mxmorial dr'(出现1次) 与高频值 '124 s memorial dr'(出现18次) 编辑距离1,124 s memorial dr,0.96
415,Address,315 w hickxry st,T,typo_near_frequent,疑似拼写错误: '315 w hickxry st'(出现1次) 与高频值 '315 w hickory st'(出现16次) 编辑距离1,315 w hickory st,0.92
472,Address,126xhospitalxave,T,typo_near_frequent,疑似拼写错误: '126xhospitalxave'(出现1次) 与高频值 '126 hospital ave'(出现23次) 编辑距离2,126 hospital ave,0.963
484,Address,1x6 hospital ave,T,typo_near_frequent,疑似拼写错误: '1x6 hospital ave'(出现1次) 与高频值 '126 hospital ave'(出现23次) 编辑距离1,126 hospital ave,1.0
652,Address,209 xorth maix street,T,typo_near_frequent,疑似拼写错误: '209 xorth maix street'(出现1次) 与高频值 '209 north main street'(出现24次) 编辑距离2,209 north main street,0.971
767,Address,301 east 1xth st,T,typo_near_frequent,疑似拼写错误: '301 east 1xth st'(出现1次) 与高频值 '301 east 18th st'(出现26次) 编辑距离1,301 east 18th st,1.0
849,Address,x0x0 lay dam road,T,typo_near_frequent,疑似拼写错误: 'x0x0 lay dam road'(出现1次) 与高频值 '1010 lay dam road'(出现24次) 编辑距离2,1010 lay dam road,0.965
857,Address,1256 military street sxuth,T,typo_near_frequent,疑似拼写错误: '1256 military street sxuth'(出现1次) 与高频值 '1256 military street south'(出现24次) 编辑距离1,1256 military street south,1.0
934,Address,515 miranda sx,T,typo_near_frequent,疑似拼写错误: '515 miranda sx'(出现1次) 与高频值 '515 miranda st'(出现22次) 编辑距离1,515 miranda st,1.0
935,Address,515 miranxa st,T,typo_near_frequent,疑似拼写错误: '515 miranxa st'(出现1次) 与高频值 '515 miranda st'(出现22次) 编辑距离1,515 miranda st,1.0
945,Address,515 mirxndx st,T,typo_near_frequent,疑似拼写错误: '515 mirxndx st'(出现1次) 与高频值 '515 miranda st'(出现22次) 编辑距离2,515 miranda st,0.957
986,Address,150 gilxreath drive,T,typo_near_frequent,疑似拼写错误: '150 gilxreath drive'(出现1次) 与高频值 '150 gilbreath drive'(出现19次) 编辑距离1,150 gilbreath drive,0.98
3,City,birminghxm,T,typo_near_frequent,疑似拼写错误: 'birminghxm'(出现1次) 与高频值 'birmingham'(出现75次) 编辑距离1,birmingham,1.0
7,City,birmingxam,T,typo_near_frequent,疑似拼写错误: 'birmingxam'(出现1次) 与高频值 'birmingham'(出现75次) 编辑距离1,birmingham,1.0
10,City,sheffxeld,T,typo_near_frequent,疑似拼写错误: 'sheffxeld'(出现1次) 与高频值 'sheffield'(出现24次) 编辑距离1,sheffield,1.0
56,City,boxz,T,typo_near_frequent,疑似拼写错误: 'boxz'(出现1次) 与高频值 'boaz'(出现24次) 编辑距离1,boaz,1.0
79,City,fxorence,T,typo_near_frequent,疑似拼写错误: 'fxorence'(出现1次) 与高频值 'florence'(出现22次) 编辑距离1,florence,1.0
88,City,florxncx,T,typo_near_frequent,疑似拼写错误: 'florxncx'(出现1次) 与高频值 'florence'(出现22次) 编辑距离2,florence,0.925
93,City,flxrence,T,typo_near_frequent,疑似拼写错误: 'flxrence'(出现1次) 与高频值 'florence'(出现22次) 编辑距离1,florence,1.0
180,City,guntxrsvillx,T,typo_near_frequent,疑似拼写错误: 'guntxrsvillx'(出现1次) 与高频值 'guntersville'(出现24次) 编辑距离2,guntersville,0.95
207,City,birmixgham,T,typo_near_frequent,疑似拼写错误: 'birmixgham'(出现1次) 与高频值 'birmingham'(出现75次) 编辑距离1,birmingham,1.0
212,City,bxrmxngham,T,typo_near_frequent,疑似拼写错误: 'bxrmxngham'(出现1次) 与高频值 'birmingham'(出现75次) 编辑距离2,birmingham,0.94
228,City,fort payxe,T,typo_near_frequent,疑似拼写错误: 'fort payxe'(出现1次) 与高频值 'fort payne'(出现24次) 编辑距离1,fort payne,1.0
367,City,winfielx,T,typo_near_frequent,疑似拼写错误: 'winfielx'(出现1次) 与高频值 'winfield'(出现24次) 编辑距离1,winfield,1.0
437,City,anchoraxe,T,typo_near_frequent,疑似拼写错误: 'anchoraxe'(出现1次) 与高频值 'anchorage'(出现17次) 编辑距离1,anchorage,0.94
474,City,ozarx,T,typo_near_frequent,疑似拼写错误: 'ozarx'(出现1次) 与高频值 'ozark'(出现23次) 编辑距离1,ozark,1.0
485,City,xzark,T,typo_near_frequent,疑似拼写错误: 'xzark'(出现1次) 与高频值 'ozark'(出现23次) 编辑距离1,ozark,1.0
517,City,montxomery,T,typo_near_frequent,疑似拼写错误: 'montxomery'(出现1次) 与高频值 'montgomery'(出现49次) 编辑距离1,montgomery,1.0
578,City,vallex,T,typo_near_frequent,疑似拼写错误: 'vallex'(出现1次) 与高频值 'valley'(出现23次) 编辑距离1,valley,1.0
590,City,vxlley,T,typo_near_frequent,疑似拼写错误: 'vxlley'(出现1次) 与高频值 'valley'(出现23次) 编辑距离1,valley,1.0
601,City,exba,T,typo_near_frequent,疑似拼写错误: 'exba'(出现1次) 与高频值 'elba'(出现24次) 编辑距离1,elba,1.0
690,City,birminxham,T,typo_near_frequent,疑似拼写错误: 'birminxham'(出现1次) 与高频值 'birmingham'(出现75次) 编辑距离1,birmingham,1.0
696,City,tallaxxee,T,typo_near_frequent,疑似拼写错误: 'tallaxxee'(出现1次) 与高频值 'tallassee'(出现24次) 编辑距离2,tallassee,0.933
736,City,cuxxman,T,typo_near_frequent,疑似拼写错误: 'cuxxman'(出现1次) 与高频值 'cullman'(出现24次) 编辑距离2,cullman,0.914
756,City,andaluxia,T,typo_near_frequent,疑似拼写错误: 'andaluxia'(出现1次) 与高频值 'andalusia'(出现24次) 编辑距离1,andalusia,1.0
772,City,annxston,T,typo_near_frequent,疑似拼写错误: 'annxston'(出现1次) 与高频值 'anniston'(出现26次) 编辑距离1,anniston,1.0
821,City,gxdsden,T,typo_near_frequent,疑似拼写错误: 'gxdsden'(出现1次) 与高频值 'gadsden'(出现52次) 编辑距离1,gadsden,1.0
855,City,hamilxon,T,typo_near_frequent,疑似拼写错误: 'hamilxon'(出现1次) 与高频值 'hamilton'(出现24次) 编辑距离1,hamilton,1.0
895,City,faxette,T,typo_near_frequent,疑似拼写错误: 'faxette'(出现1次) 与高频值 'fayette'(出现24次) 编辑距离1,fayette,1.0
949,City,geoxgiana,T,typo_near_frequent,疑似拼写错误: 'geoxgiana'(出现1次) 与高频值 'georgiana'(出现24次) 编辑距离1,georgiana,1.0
960,City,enterprxse,T,typo_near_frequent,疑似拼写错误: 'enterprxse'(出现1次) 与高频值 'enterprise'(出现23次) 编辑距离1,enterprise,1.0
985,City,onxonta,T,typo_near_frequent,疑似拼写错误: 'onxonta'(出现1次) 与高频值 'oneonta'(出现19次) 编辑距离1,oneonta,0.98
67,CountyName,mxrshxll,T,typo_near_frequent,疑似拼写错误: 'mxrshxll'(出现1次) 与高频值 'marshall'(出现49次) 编辑距离2,marshall,0.925
72,CountyName,laudxrdalx,T,typo_near_frequent,疑似拼写错误: 'laudxrdalx'(出现1次) 与高频值 'lauderdale'(出现23次) 编辑距离2,lauderdale,0.94
77,CountyName,laudexdale,T,typo_near_frequent,疑似拼写错误: 'laudexdale'(出现1次) 与高频值 'lauderdale'(出现23次) 编辑距离1,lauderdale,1.0
136,CountyName,crxnshaw,T,typo_near_frequent,疑似拼写错误: 'crxnshaw'(出现1次) 与高频值 'crenshaw'(出现24次) 编辑距离1,crenshaw,1.0
216,CountyName,jeffersxn,T,typo_near_frequent,疑似拼写错误: 'jeffersxn'(出现1次) 与高频值 'jefferson'(出现99次) 编辑距离1,jefferson,1.0
221,CountyName,dx kalb,T,typo_near_frequent,疑似拼写错误: 'dx kalb'(出现2次) 与高频值 'de kalb'(出现21次) 编辑距离1,de kalb,0.81
223,CountyName,xe kalb,T,typo_near_frequent,疑似拼写错误: 'xe kalb'(出现2次) 与高频值 'de kalb'(出现21次) 编辑距离1,de kalb,0.81
227,CountyName,dx kalb,T,typo_near_frequent,疑似拼写错误: 'dx kalb'(出现2次) 与高频值 'de kalb'(出现21次) 编辑距离1,de kalb,0.81
238,CountyName,xe kalb,T,typo_near_frequent,疑似拼写错误: 'xe kalb'(出现2次) 与高频值 'de kalb'(出现21次) 编辑距离1,de kalb,0.81
252,CountyName,xlarke,T,typo_near_frequent,疑似拼写错误: 'xlarke'(出现1次) 与高频值 'clarke'(出现24次) 编辑距离1,clarke,1.0
312,CountyName,calhoxn,T,typo_near_frequent,疑似拼写错误: 'calhoxn'(出现1次) 与高频值 'calhoun'(出现26次) 编辑距离1,calhoun,1.0
324,CountyName,caxhoun,T,typo_near_frequent,疑似拼写错误: 'caxhoun'(出现1次) 与高频值 'calhoun'(出现26次) 编辑距离1,calhoun,1.0
346,CountyName,housxon,T,typo_near_frequent,疑似拼写错误: 'housxon'(出现1次) 与高频值 'houston'(出现41次) 编辑距离1,houston,1.0
415,CountyName,tallaxega,T,typo_near_frequent,疑似拼写错误: 'tallaxega'(出现1次) 与高频值 'talladega'(出现17次) 编辑距离1,talladega,0.94
456,CountyName,jxffxrson,T,typo_near_frequent,疑似拼写错误: 'jxffxrson'(出现2次) 与高频值 'jefferson'(出现99次) 编辑距离2,jefferson,0.933
457,CountyName,xefferson,T,typo_near_frequent,疑似拼写错误: 'xefferson'(出现1次) 与高频值 'jefferson'(出现99次) 编辑距离1,jefferson,1.0
465,CountyName,jexxerson,T,typo_near_frequent,疑似拼写错误: 'jexxerson'(出现2次) 与高频值 'jefferson'(出现99次) 编辑距离2,jefferson,0.933
527,CountyName,monxgomery,T,typo_near_frequent,疑似拼写错误: 'monxgomery'(出现2次) 与高频值 'montgomery'(出现47次) 编辑距离1,montgomery,1.0
540,CountyName,montgomexy,T,typo_near_frequent,疑似拼写错误: 'montgomexy'(出现1次) 与高频值 'montgomery'(出现47次) 编辑距离1,montgomery,1.0
551,CountyName,monxgomery,T,typo_near_frequent,疑似拼写错误: 'monxgomery'(出现2次) 与高频值 'montgomery'(出现47次) 编辑距离1,montgomery,1.0
578,CountyName,xhambers,T,typo_near_frequent,疑似拼写错误: 'xhambers'(出现1次) 与高频值 'chambers'(出现23次) 编辑距离1,chambers,1.0
590,CountyName,chaxbers,T,typo_near_frequent,疑似拼写错误: 'chaxbers'(出现1次) 与高频值 'chambers'(出现23次) 编辑距离1,chambers,1.0
602,CountyName,coffxx,T,typo_near_frequent,疑似拼写错误: 'coffxx'(出现1次) 与高频值 'coffee'(出现48次) 编辑距离2,coffee,0.9
633,CountyName,xee,T,typo_near_frequent,疑似拼写错误: 'xee'(出现1次) 与高频值 'lee'(出现24次) 编辑距离1,lee,1.0
672,CountyName,jxffxrson,T,typo_near_frequent,疑似拼写错误: 'jxffxrson'(出现2次) 与高频值 'jefferson'(出现99次) 编辑距离2,jefferson,0.933
689,CountyName,jexxerson,T,typo_near_frequent,疑似拼写错误: 'jexxerson'(出现2次) 与高频值 'jefferson'(出现99次) 编辑距离2,jefferson,0.933
692,CountyName,elmoxe,T,typo_near_frequent,疑似拼写错误: 'elmoxe'(出现1次) 与高频值 'elmore'(出现23次) 编辑距离1,elmore,1.0
698,CountyName,elxore,T,typo_near_frequent,疑似拼写错误: 'elxore'(出现1次) 与高频值 'elmore'(出现23次) 编辑距离1,elmore,1.0
722,CountyName,cxllman,T,typo_near_frequent,疑似拼写错误: 'cxllman'(出现2次) 与高频值 'cullman'(出现23次) 编辑距离1,cullman,0.83
730,CountyName,cxllman,T,typo_near_frequent,疑似拼写错误: 'cxllman'(出现2次) 与高频值 'cullman'(出现23次) 编辑距离1,cullman,0.83
752,CountyName,coxington,T,typo_near_frequent,疑似拼写错误: 'coxington'(出现1次) 与高频值 'covington'(出现49次) 编辑距离1,covington,1.0
785,CountyName,madisxn,T,typo_near_frequent,疑似拼写错误: 'madisxn'(出现1次) 与高频值 'madison'(出现26次) 编辑距离1,madison,1.0
798,CountyName,madisox,T,typo_near_frequent,疑似拼写错误: 'madisox'(出现1次) 与高频值 'madison'(出现26次) 编辑距离1,madison,1.0
895,CountyName,fayexxe,T,typo_near_frequent,疑似拼写错误: 'fayexxe'(出现1次) 与高频值 'fayette'(出现24次) 编辑距离2,fayette,0.914
917,CountyName,etowxh,T,typo_near_frequent,疑似拼写错误: 'etowxh'(出现1次) 与高频值 'etowah'(出现52次) 编辑距离1,etowah,1.0
943,CountyName,butxer,T,typo_near_frequent,疑似拼写错误: 'butxer'(出现1次) 与高频值 'butler'(出现24次) 编辑距离1,butler,1.0
966,CountyName,cxffee,T,typo_near_frequent,疑似拼写错误: 'cxffee'(出现1次) 与高频值 'coffee'(出现48次) 编辑距离1,coffee,1.0
264,MeasureCode,scxp-xnf-3,T,typo_near_frequent,疑似拼写错误: 'scxp-xnf-3'(出现1次) 与高频值 'scip-inf-3'(出现37次) 编辑距离2,scip-inf-3,0.94
580,MeasureCode,px-5c,T,typo_near_frequent,疑似拼写错误: 'px-5c'(出现1次) 与高频值 'pn-5c'(出现38次) 编辑距离1,pn-5c,1.0
94,MeasureName,xeart attack patients given aspirin at arrival,T,typo_near_frequent,疑似拼写错误: 'xeart attack patients given aspirin at arrival'(出现1次) 与高频值 'heart attack patients given aspirin at arrival'(出现35次) 编辑距离1,heart attack patients given aspirin at arrival,1.0
119,MeasureName,heart attack patients given aspirin at arrivax,T,typo_near_frequent,疑似拼写错误: 'heart attack patients given aspirin at arrivax'(出现1次) 与高频值 'heart attack patients given aspirin at arrival'(出现35次) 编辑距离1,heart attack patients given aspirin at arrival,1.0
145,MeasureName,heart attaxk patients given aspirin at disxharge,T,typo_near_frequent,疑似拼写错误: 'heart attaxk patients given aspirin at disxharge'(出现1次) 与高频值 'heart attack patients given aspirin at discharge'(出现39次) 编辑距离2,heart attack patients given aspirin at discharge,0.987
389,MeasureName,heart xailure patients given smoking cessation advice/counseling,T,typo_near_frequent,疑似拼写错误: 'heart xailure patients given smoking cessation advice/counseling'(出现1次) 与高频值 'heart failure patients given smoking cessation advice/counseling'(出现38次) 编辑距离1,heart failure patients given smoking cessation advice/counseling,1.0
650,MeasureName,heart failure patients given ace inhibitor or arb for left xentricular systolic dysfunction (lxsd),T,typo_near_frequent,疑似拼写错误: 'heart failure patients given ace inhibitor or arb for left xentricular systolic dysfunction (lxsd)'(出现1次) 与高频值 'heart failure patients given ace inhibitor or arb for left ventricular systolic dysfunction (lvsd)'(出现39次) 编辑距离2,heart failure patients given ace inhibitor or arb for left ventricular systolic dysfunction (lvsd),0.994
893,MeasureName,pneumonia patients assessed and given influenza vaxxination,T,typo_near_frequent,疑似拼写错误: 'pneumonia patients assessed and given influenza vaxxination'(出现1次) 与高频值 'pneumonia patients assessed and given influenza vaccination'(出现36次) 编辑距离2,pneumonia patients assessed and given influenza vaccination,0.99
448,HospitalName,xlxskx regionxl hospitxl,VAD,fd:ProviderNumber->HospitalName,"违反依赖 ProviderNumber->HospitalName: 当 ProviderNumber='20017' 时 HospitalName 多数为 'alaska regional hospital'(94%, n=18), 但此处为 'xlxskx regionxl hospitxl'",alaska regional hospital,0.944
560,HospitalName,jaxkson hospital & xlinix inx,VAD,fd:ProviderNumber->HospitalName,"违反依赖 ProviderNumber->HospitalName: 当 ProviderNumber='10024' 时 HospitalName 多数为 'jackson hospital & clinic inc'(96%, n=24), 但此处为 'jaxkson hospital & xlinix inx'",jackson hospital & clinic inc,0.958
730,HospitalName,cullmxn regionxl medicxl center,VAD,fd:ProviderNumber->HospitalName,"违反依赖 ProviderNumber->HospitalName: 当 ProviderNumber='10035' 时 HospitalName 多数为 'cullman regional medical center'(96%, n=23), 但此处为 'cullmxn regionxl medicxl center'",cullman regional medical center,0.957
758,HospitalName,andaxusia regionax hospitax,VAD,fd:ProviderNumber->HospitalName,"违反依赖 ProviderNumber->HospitalName: 当 ProviderNumber='10036' 时 HospitalName 多数为 'andalusia regional hospital'(92%, n=24), 但此处为 'andaxusia regionax hospitax'",andalusia regional hospital,0.917
57,Address,2505xuxsxhighwayx431xnorth,VAD,fd:ProviderNumber->Address,"违反依赖 ProviderNumber->Address: 当 ProviderNumber='10005' 时 Address 多数为 '2505 u s highway 431 north'(96%, n=24), 但此处为 '2505xuxsxhighwayx431xnorth'",2505 u s highway 431 north,0.958
94,Address,702xnxmainxst,VAD,fd:ProviderNumber->Address,"违反依赖 ProviderNumber->Address: 当 ProviderNumber='10007' 时 Address 多数为 '702 n main st'(92%, n=25), 但此处为 '702xnxmainxst'",702 n main st,0.92
161,Address,201 pine sxreex norxhwesx,VAD,fd:ProviderNumber->Address,"违反依赖 ProviderNumber->Address: 当 ProviderNumber='10009' 时 Address 多数为 '201 pine street northwest'(96%, n=25), 但此处为 '201 pine sxreex norxhwesx'",201 pine street northwest,0.96
275,Address,1000 fixst stxeet noxth,VAD,fd:ProviderNumber->Address,"违反依赖 ProviderNumber->Address: 当 ProviderNumber='10016' 时 Address 多数为 '1000 first street north'(96%, n=24), 但此处为 '1000 fixst stxeet noxth'",1000 first street north,0.958
316,Address,301xeastx18thxst,VAD,fd:ProviderNumber->Address,"违反依赖 ProviderNumber->Address: 当 ProviderNumber='10038' 时 Address 多数为 '301 east 18th st'(93%, n=27), 但此处为 '301xeastx18thxst'",301 east 18th st,0.926
334,Address,4370xwestxmainxstreet,VAD,fd:ProviderNumber->Address,"违反依赖 ProviderNumber->Address: 当 ProviderNumber='10055' 时 Address 多数为 '4370 west main street'(94%, n=17), 但此处为 '4370xwestxmainxstreet'",4370 west main street,0.941
363,Address,1530xuxsxhighwayx43,VAD,fd:ProviderNumber->Address,"违反依赖 ProviderNumber->Address: 当 ProviderNumber='10086' 时 Address 多数为 '1530 u s highway 43'(96%, n=24), 但此处为 '1530xuxsxhighwayx43'",1530 u s highway 43,0.958
736,Address,1912xalabamaxhighwayx157,VAD,fd:ProviderNumber->Address,"违反依赖 ProviderNumber->Address: 当 ProviderNumber='10035' 时 Address 多数为 '1912 alabama highway 157'(96%, n=23), 但此处为 '1912xalabamaxhighwayx157'",1912 alabama highway 157,0.957
915,Address,600 souxh xhird sxreex,VAD,fd:ProviderNumber->Address,"违反依赖 ProviderNumber->Address: 当 ProviderNumber='10046' 时 Address 多数为 '600 south third street'(96%, n=28), 但此处为 '600 souxh xhird sxreex'",600 south third street,0.964
956,Address,400xnxedwardsxstreet,VAD,fd:ProviderNumber->Address,"违反依赖 ProviderNumber->Address: 当 ProviderNumber='10049' 时 Address 多数为 '400 n edwards street'(96%, n=24), 但此处为 '400xnxedwardsxstreet'",400 n edwards street,0.958
311,City,axxistox,VAD,fd:ProviderNumber->City,"违反依赖 ProviderNumber->City: 当 ProviderNumber='10038' 时 City 多数为 'anniston'(93%, n=27), 但此处为 'axxistox'",anniston,0.926
654,City,wxdowxx,VAD,fd:ProviderNumber->City,"违反依赖 ProviderNumber->City: 当 ProviderNumber='10032' 时 City 多数为 'wedowee'(96%, n=23), 但此处为 'wxdowxx'",wedowee,0.957
968,City,xntxrprisx,VAD,fd:ProviderNumber->City,"违反依赖 ProviderNumber->City: 当 ProviderNumber='10049' 时 City 多数为 'enterprise'(92%, n=24), 但此处为 'xntxrprisx'",enterprise,0.917
42,State,xl,VAD,fd:ProviderNumber->State,"违反依赖 ProviderNumber->State: 当 ProviderNumber='10001' 时 State 多数为 'al'(96%, n=25), 但此处为 'xl'",al,0.96
46,State,xl,VAD,fd:ProviderNumber->State,"违反依赖 ProviderNumber->State: 当 ProviderNumber='10005' 时 State 多数为 'al'(92%, n=24), 但此处为 'xl'",al,0.917
50,State,xl,VAD,fd:ProviderNumber->State,"违反依赖 ProviderNumber->State: 当 ProviderNumber='10005' 时 State 多数为 'al'(92%, n=24), 但此处为 'xl'",al,0.917
83,State,xl,VAD,fd:ProviderNumber->State,"违反依赖 ProviderNumber->State: 当 ProviderNumber='10006' 时 State 多数为 'al'(96%, n=24), 但此处为 'xl'",al,0.958
98,State,xl,VAD,fd:ProviderNumber->State,"违反依赖 ProviderNumber->State: 当 ProviderNumber='10007' 时 State 多数为 'al'(96%, n=25), 但此处为 'xl'",al,0.96
119,State,ax,VAD,fd:ProviderNumber->State,"违反依赖 ProviderNumber->State: 当 ProviderNumber='10008' 时 State 多数为 'al'(92%, n=25), 但此处为 'ax'",al,0.92
140,State,ax,VAD,fd:ProviderNumber->State,"违反依赖 ProviderNumber->State: 当 ProviderNumber='10008' 时 State 多数为 'al'(92%, n=25), 但此处为 'ax'",al,0.92
165,State,ax,VAD,fd:ProviderNumber->State,"违反依赖 ProviderNumber->State: 当 ProviderNumber='10009' 时 State 多数为 'al'(96%, n=25), 但此处为 'ax'",al,0.96
182,State,xl,VAD,fd:ProviderNumber->State,"违反依赖 ProviderNumber->State: 当 ProviderNumber='10010' 时 State 多数为 'al'(96%, n=25), 但此处为 'xl'",al,0.96
228,State,ax,VAD,fd:ProviderNumber->State,"违反依赖 ProviderNumber->State: 当 ProviderNumber='10012' 时 State 多数为 'al'(96%, n=25), 但此处为 'ax'",al,0.96
278,State,xl,VAD,fd:ProviderNumber->State,"违反依赖 ProviderNumber->State: 当 ProviderNumber='10016' 时 State 多数为 'al'(96%, n=24), 但此处为 'xl'",al,0.958
356,State,ax,VAD,fd:ProviderNumber->State,"违反依赖 ProviderNumber->State: 当 ProviderNumber='10086' 时 State 多数为 'al'(96%, n=24), 但此处为 'ax'",al,0.958
386,State,xl,VAD,fd:ProviderNumber->State,"违反依赖 ProviderNumber->State: 当 ProviderNumber='10087' 时 State 多数为 'al'(92%, n=13), 但此处为 'xl'",al,0.923
402,State,ax,VAD,fd:ProviderNumber->State,"违反依赖 ProviderNumber->State: 当 ProviderNumber='10108' 时 State 多数为 'al'(95%, n=19), 但此处为 'ax'",al,0.947
477,State,xl,VAD,fd:ProviderNumber->State,"违反依赖 ProviderNumber->State: 当 ProviderNumber='10021' 时 State 多数为 'al'(92%, n=25), 但此处为 'xl'",al,0.92
483,State,xl,VAD,fd:ProviderNumber->State,"违反依赖 ProviderNumber->State: 当 ProviderNumber='10021' 时 State 多数为 'al'(92%, n=25), 但此处为 'xl'",al,0.92
504,State,ax,VAD,fd:ProviderNumber->State,"违反依赖 ProviderNumber->State: 当 ProviderNumber='10022' 时 State 多数为 'al'(96%, n=25), 但此处为 'ax'",al,0.96
572,State,ax,VAD,fd:ProviderNumber->State,"违反依赖 ProviderNumber->State: 当 ProviderNumber='10025' 时 State 多数为 'al'(96%, n=25), 但此处为 'ax'",al,0.96
592,State,ax,VAD,fd:ProviderNumber->State,"违反依赖 ProviderNumber->State: 当 ProviderNumber='10027' 时 State 多数为 'al'(96%, n=24), 但此处为 'ax'",al,0.958
701,State,xl,VAD,fd:ProviderNumber->State,"违反依赖 ProviderNumber->State: 当 ProviderNumber='10034' 时 State 多数为 'al'(96%, n=24), 但此处为 'xl'",al,0.958
764,State,xl,VAD,fd:ProviderNumber->State,"违反依赖 ProviderNumber->State: 当 ProviderNumber='10036' 时 State 多数为 'al'(96%, n=24), 但此处为 'xl'",al,0.958
791,State,xl,VAD,fd:ProviderNumber->State,"违反依赖 ProviderNumber->State: 当 ProviderNumber='10039' 时 State 多数为 'al'(96%, n=25), 但此处为 'xl'",al,0.96
884,State,xl,VAD,fd:ProviderNumber->State,"违反依赖 ProviderNumber->State: 当 ProviderNumber='10045' 时 State 多数为 'al'(91%, n=23), 但此处为 'xl'",al,0.913
886,State,xl,VAD,fd:ProviderNumber->State,"违反依赖 ProviderNumber->State: 当 ProviderNumber='10045' 时 State 多数为 'al'(91%, n=23), 但此处为 'xl'",al,0.913
922,State,ax,VAD,fd:ProviderNumber->State,"违反依赖 ProviderNumber->State: 当 ProviderNumber='10046' 时 State 多数为 'al'(96%, n=28), 但此处为 'ax'",al,0.964
502,CountyName,chxrokxx,VAD,fd:ProviderNumber->CountyName,"违反依赖 ProviderNumber->CountyName: 当 ProviderNumber='10022' 时 CountyName 多数为 'cherokee'(92%, n=25), 但此处为 'chxrokxx'",cherokee,0.92
513,CountyName,chxrokxx,VAD,fd:ProviderNumber->CountyName,"违反依赖 ProviderNumber->CountyName: 当 ProviderNumber='10022' 时 CountyName 多数为 'cherokee'(92%, n=25), 但此处为 'chxrokxx'",cherokee,0.92
24,EmergencyService,yxs,VAD,fd:ProviderNumber->EmergencyService,"违反依赖 ProviderNumber->EmergencyService: 当 ProviderNumber='10001' 时 EmergencyService 多数为 'yes'(92%, n=25), 但此处为 'yxs'",yes,0.92
43,EmergencyService,yex,VAD,fd:ProviderNumber->EmergencyService,"违反依赖 ProviderNumber->EmergencyService: 当 ProviderNumber='10001' 时 EmergencyService 多数为 'yes'(92%, n=25), 但此处为 'yex'",yes,0.92
51,EmergencyService,yxs,VAD,fd:ProviderNumber->EmergencyService,"违反依赖 ProviderNumber->EmergencyService: 当 ProviderNumber='10005' 时 EmergencyService 多数为 'yes'(96%, n=24), 但此处为 'yxs'",yes,0.958
157,EmergencyService,yxs,VAD,fd:ProviderNumber->EmergencyService,"违反依赖 ProviderNumber->EmergencyService: 当 ProviderNumber='10009' 时 EmergencyService 多数为 'yes'(96%, n=25), 但此处为 'yxs'",yes,0.96
318,EmergencyService,xes,VAD,fd:ProviderNumber->EmergencyService,"违反依赖 ProviderNumber->EmergencyService: 当 ProviderNumber='10038' 时 EmergencyService 多数为 'yes'(93%, n=27), 但此处为 'xes'",yes,0.926
327,EmergencyService,yex,VAD,fd:ProviderNumber->EmergencyService,"违反依赖 ProviderNumber->EmergencyService: 当 ProviderNumber='10038' 时 EmergencyService 多数为 'yes'(93%, n=27), 但此处为 'yex'",yes,0.926
332,EmergencyService,yex,VAD,fd:ProviderNumber->EmergencyService,"违反依赖 ProviderNumber->EmergencyService: 当 ProviderNumber='10055' 时 EmergencyService 多数为 'yes'(94%, n=17), 但此处为 'yex'",yes,0.941
374,EmergencyService,yex,VAD,fd:ProviderNumber->EmergencyService,"违反依赖 ProviderNumber->EmergencyService: 当 ProviderNumber='10086' 时 EmergencyService 多数为 'yes'(96%, n=24), 但此处为 'yex'",yes,0.958
389,EmergencyService,yxs,VAD,fd:ProviderNumber->EmergencyService,"违反依赖 ProviderNumber->EmergencyService: 当 ProviderNumber='10087' 时 EmergencyService 多数为 'yes'(92%, n=13), 但此处为 'yxs'",yes,0.923
410,EmergencyService,yxs,VAD,fd:ProviderNumber->EmergencyService,"违反依赖 ProviderNumber->EmergencyService: 当 ProviderNumber='10108' 时 EmergencyService 多数为 'yes'(95%, n=19), 但此处为 'yxs'",yes,0.947
418,EmergencyService,xo,VAD,fd:ProviderNumber->EmergencyService,"违反依赖 ProviderNumber->EmergencyService: 当 ProviderNumber='10164' 时 EmergencyService 多数为 'no'(94%, n=18), 但此处为 'xo'",no,0.944
492,EmergencyService,yxs,VAD,fd:ProviderNumber->EmergencyService,"违反依赖 ProviderNumber->EmergencyService: 当 ProviderNumber='10022' 时 EmergencyService 多数为 'yes'(96%, n=25), 但此处为 'yxs'",yes,0.96
521,EmergencyService,yxs,VAD,fd:ProviderNumber->EmergencyService,"违反依赖 ProviderNumber->EmergencyService: 当 ProviderNumber='10023' 时 EmergencyService 多数为 'yes'(92%, n=25), 但此处为 'yxs'",yes,0.92
536,EmergencyService,yex,VAD,fd:ProviderNumber->EmergencyService,"违反依赖 ProviderNumber->EmergencyService: 当 ProviderNumber='10023' 时 EmergencyService 多数为 'yes'(92%, n=25), 但此处为 'yex'",yes,0.92
564,EmergencyService,xes,VAD,fd:ProviderNumber->EmergencyService,"违反依赖 ProviderNumber->EmergencyService: 当 ProviderNumber='10024' 时 EmergencyService 多数为 'yes'(96%, n=24), 但此处为 'xes'",yes,0.958
579,EmergencyService,xes,VAD,fd:ProviderNumber->EmergencyService,"违反依赖 ProviderNumber->EmergencyService: 当 ProviderNumber='10025' 时 EmergencyService 多数为 'yes'(92%, n=25), 但此处为 'xes'",yes,0.92
587,EmergencyService,xes,VAD,fd:ProviderNumber->EmergencyService,"违反依赖 ProviderNumber->EmergencyService: 当 ProviderNumber='10025' 时 EmergencyService 多数为 'yes'(92%, n=25), 但此处为 'xes'",yes,0.92
628,EmergencyService,yex,VAD,fd:ProviderNumber->EmergencyService,"违反依赖 ProviderNumber->EmergencyService: 当 ProviderNumber='10029' 时 EmergencyService 多数为 'yes'(96%, n=23), 但此处为 'yex'",yes,0.957
653,EmergencyService,xo,VAD,fd:ProviderNumber->EmergencyService,"违反依赖 ProviderNumber->EmergencyService: 当 ProviderNumber='10032' 时 EmergencyService 多数为 'no'(96%, n=23), 但此处为 'xo'",no,0.957
674,EmergencyService,yex,VAD,fd:ProviderNumber->EmergencyService,"违反依赖 ProviderNumber->EmergencyService: 当 ProviderNumber='10033' 时 EmergencyService 多数为 'yes'(96%, n=25), 但此处为 'yex'",yes,0.96
797,EmergencyService,yxs,VAD,fd:ProviderNumber->EmergencyService,"违反依赖 ProviderNumber->EmergencyService: 当 ProviderNumber='10039' 时 EmergencyService 多数为 'yes'(96%, n=25), 但此处为 'yxs'",yes,0.96
809,EmergencyService,xes,VAD,fd:ProviderNumber->EmergencyService,"违反依赖 ProviderNumber->EmergencyService: 当 ProviderNumber='10040' 时 EmergencyService 多数为 'yes'(96%, n=25), 但此处为 'xes'",yes,0.96
866,EmergencyService,yxs,VAD,fd:ProviderNumber->EmergencyService,"违反依赖 ProviderNumber->EmergencyService: 当 ProviderNumber='10044' 时 EmergencyService 多数为 'yes'(96%, n=24), 但此处为 'yxs'",yes,0.958
889,EmergencyService,yex,VAD,fd:ProviderNumber->EmergencyService,"违反依赖 ProviderNumber->EmergencyService: 当 ProviderNumber='10045' 时 EmergencyService 多数为 'yes'(96%, n=23), 但此处为 'yex'",yes,0.957
919,EmergencyService,yex,VAD,fd:ProviderNumber->EmergencyService,"违反依赖 ProviderNumber->EmergencyService: 当 ProviderNumber='10046' 时 EmergencyService 多数为 'yes'(93%, n=28), 但此处为 'yex'",yes,0.929
921,EmergencyService,yxs,VAD,fd:ProviderNumber->EmergencyService,"违反依赖 ProviderNumber->EmergencyService: 当 ProviderNumber='10046' 时 EmergencyService 多数为 'yes'(93%, n=28), 但此处为 'yxs'",yes,0.929
393,Address,124xsxmemorialxdr,VAD,fd:HospitalName->Address,"违反依赖 HospitalName->Address: 当 HospitalName='prattville baptist hospital' 时 Address 多数为 '124 s memorial dr'(90%, n=20), 但此处为 '124xsxmemorialxdr'",124 s memorial dr,0.9
559,State,xl,VAD,fd:HospitalName->State,"违反依赖 HospitalName->State: 当 HospitalName='jackson hospital & clinic inc' 时 State 多数为 'al'(96%, n=24), 但此处为 'xl'",al,0.958
350,EmergencyService,yxs,VAD,fd:City->EmergencyService,"违反依赖 City->EmergencyService: 当 City='birmingham' 时 EmergencyService 多数为 'yes'(97%, n=75), 但此处为 'yxs'",yes,0.973
0,MeasureName,surgery patients who were taking heart drugs caxxed beta bxockers before coming to the hospitax who were kept on the beta bxockers during the period just before and after their surgery,VAD,fd:MeasureCode->MeasureName,"违反依赖 MeasureCode->MeasureName: 当 MeasureCode='scip-card-2' 时 MeasureName 多数为 'surgery patients who were taking heart drugs called beta blockers before coming to the hospital who were kept on the beta blockers during the period just before and after their surgery'(92%, n=40), 但此处为 'surgery patients who were taking heart drugs caxxed beta bxockers before coming to the hospitax who were kept on the beta bxockers during the period just before and after their surgery'",surgery patients who were taking heart drugs called beta blockers before coming to the hospital who were kept on the beta blockers during the period just before and after their surgery,0.925
111,MeasureName,surgery patiexts who were takixg heart drugs called beta blockers before comixg to the hospital who were kept ox the beta blockers durixg the period just before axd after their surgery,VAD,fd:MeasureCode->MeasureName,"违反依赖 MeasureCode->MeasureName: 当 MeasureCode='scip-card-2' 时 MeasureName 多数为 'surgery patients who were taking heart drugs called beta blockers before coming to the hospital who were kept on the beta blockers during the period just before and after their surgery'(92%, n=40), 但此处为 'surgery patiexts who were takixg heart drugs called beta blockers before comixg to the hospital who were kept ox the beta blockers durixg the period just before axd after their surgery'",surgery patients who were taking heart drugs called beta blockers before coming to the hospital who were kept on the beta blockers during the period just before and after their surgery,0.925
210,MeasureName,pneumoniaxpatientsxassessedxandxgivenxinfluenzaxvaccination,VAD,fd:MeasureCode->MeasureName,"违反依赖 MeasureCode->MeasureName: 当 MeasureCode='pn-7' 时 MeasureName 多数为 'pneumonia patients assessed and given influenza vaccination'(90%, n=40), 但此处为 'pneumoniaxpatientsxassessedxandxgivenxinfluenzaxvaccination'",pneumonia patients assessed and given influenza vaccination,0.9
256,MeasureName,pneumonxa patxents whose inxtxal emergency room blood culture was performed prxor to the admxnxstratxon of the fxrst hospxtal dose of antxbxotxcs,VAD,fd:MeasureCode->MeasureName,"违反依赖 MeasureCode->MeasureName: 当 MeasureCode='pn-3b' 时 MeasureName 多数为 'pneumonia patients whose initial emergency room blood culture was performed prior to the administration of the first hospital dose of antibiotics'(95%, n=40), 但此处为 'pneumonxa patxents whose inxtxal emergency room blood culture was performed prxor to the admxnxstratxon of the fxrst hospxtal dose of antxbxotxcs'",pneumonia patients whose initial emergency room blood culture was performed prior to the administration of the first hospital dose of antibiotics,0.95
281,MeasureName,pnxumonia patixnts whosx initial emxrgxncy room blood culturx was pxrformxd prior to thx administration of thx first hospital dosx of antibiotics,VAD,fd:MeasureCode->MeasureName,"违反依赖 MeasureCode->MeasureName: 当 MeasureCode='pn-3b' 时 MeasureName 多数为 'pneumonia patients whose initial emergency room blood culture was performed prior to the administration of the first hospital dose of antibiotics'(95%, n=40), 但此处为 'pnxumonia patixnts whosx initial emxrgxncy room blood culturx was pxrformxd prior to thx administration of thx first hospital dosx of antibiotics'",pneumonia patients whose initial emergency room blood culture was performed prior to the administration of the first hospital dose of antibiotics,0.95
290,MeasureName,all heart surgerx patients whose blood sugar (blood glucose) is kept under good control in the daxs right after surgerx,VAD,fd:MeasureCode->MeasureName,"违反依赖 MeasureCode->MeasureName: 当 MeasureCode='scip-inf-4' 时 MeasureName 多数为 'all heart surgery patients whose blood sugar (blood glucose) is kept under good control in the days right after surgery'(92%, n=36), 但此处为 'all heart surgerx patients whose blood sugar (blood glucose) is kept under good control in the daxs right after surgerx'",all heart surgery patients whose blood sugar (blood glucose) is kept under good control in the days right after surgery,0.917
346,MeasureName,surgery pxtients whose doctors ordered trextments to prevent blood clots xfter certxin types of surgeries,VAD,fd:MeasureCode->MeasureName,"违反依赖 MeasureCode->MeasureName: 当 MeasureCode='scip-vte-1' 时 MeasureName 多数为 'surgery patients whose doctors ordered treatments to prevent blood clots after certain types of surgeries'(97%, n=36), 但此处为 'surgery pxtients whose doctors ordered trextments to prevent blood clots xfter certxin types of surgeries'",surgery patients whose doctors ordered treatments to prevent blood clots after certain types of surgeries,0.972
380,MeasureName,heaxt attack patients given aspixin at dischaxge,VAD,fd:MeasureCode->MeasureName,"违反依赖 MeasureCode->MeasureName: 当 MeasureCode='ami-2' 时 MeasureName 多数为 'heart attack patients given aspirin at discharge'(95%, n=39), 但此处为 'heaxt attack patients given aspixin at dischaxge'",heart attack patients given aspirin at discharge,0.949
434,MeasureName,heart faxlure patxents gxven ace inhxbxtor or arb for left ventrxcular systolxc dysfunctxon (lvsd),VAD,fd:MeasureCode->MeasureName,"违反依赖 MeasureCode->MeasureName: 当 MeasureCode='hf-3' 时 MeasureName 多数为 'heart failure patients given ace inhibitor or arb for left ventricular systolic dysfunction (lvsd)'(95%, n=41), 但此处为 'heart faxlure patxents gxven ace inhxbxtor or arb for left ventrxcular systolxc dysfunctxon (lvsd)'",heart failure patients given ace inhibitor or arb for left ventricular systolic dysfunction (lvsd),0.951
447,MeasureName,surgeryxpatientsxneedingxhairxremovedxfromxthexsurgicalxareaxbeforexsurgery& xwhoxhadxhairxremovedxusingxaxsaferxmethodx(electricxclippersxorxhairxremovalxcreamxï¿½cxnotxaxrazor),VAD,fd:MeasureCode->MeasureName,"违反依赖 MeasureCode->MeasureName: 当 MeasureCode='scip-inf-6' 时 MeasureName 多数为 'surgery patients needing hair removed from the surgical area before surgery who had hair removed using a safer method (electric clippers or hair removal cream c not a razor)'(95%, n=37), 但此处为 'surgeryxpatientsxneedingxhairxremovedxfromxthexsurgicalxareaxbeforexsurgery& xwhoxhadxhairxremovedxusingxaxsaferxmethodx(electricxclippersxorxhairxremovalxcreamxï¿½cxnotxaxrazor)'",surgery patients needing hair removed from the surgical area before surgery who had hair removed using a safer method (electric clippers or hair removal cream c not a razor),0.946
473,MeasureName,heaxt failuxe patients given dischaxge instxuctions,VAD,fd:MeasureCode->MeasureName,"违反依赖 MeasureCode->MeasureName: 当 MeasureCode='hf-1' 时 MeasureName 多数为 'heart failure patients given discharge instructions'(97%, n=36), 但此处为 'heaxt failuxe patients given dischaxge instxuctions'",heart failure patients given discharge instructions,0.972
493,MeasureName,hxart attack patixnts givxn ace inhibitor or arb for lxft vxntricular systolic dysfunction (lvsd),VAD,fd:MeasureCode->MeasureName,"违反依赖 MeasureCode->MeasureName: 当 MeasureCode='ami-3' 时 MeasureName 多数为 'heart attack patients given ace inhibitor or arb for left ventricular systolic dysfunction (lvsd)'(97%, n=39), 但此处为 'hxart attack patixnts givxn ace inhibitor or arb for lxft vxntricular systolic dysfunction (lvsd)'",heart attack patients given ace inhibitor or arb for left ventricular systolic dysfunction (lvsd),0.974
507,MeasureName,pneumonix pxtients assessed xnd given influenzx vxccinxtion,VAD,fd:MeasureCode->MeasureName,"违反依赖 MeasureCode->MeasureName: 当 MeasureCode='pn-7' 时 MeasureName 多数为 'pneumonia patients assessed and given influenza vaccination'(90%, n=40), 但此处为 'pneumonix pxtients assessed xnd given influenzx vxccinxtion'",pneumonia patients assessed and given influenza vaccination,0.9
532,MeasureName,pxeumoxia patiexts assessed axd givex ixfluexza vaccixatiox,VAD,fd:MeasureCode->MeasureName,"违反依赖 MeasureCode->MeasureName: 当 MeasureCode='pn-7' 时 MeasureName 多数为 'pneumonia patients assessed and given influenza vaccination'(90%, n=40), 但此处为 'pxeumoxia patiexts assessed axd givex ixfluexza vaccixatiox'",pneumonia patients assessed and given influenza vaccination,0.9
545,MeasureName,heaxt attack patients given beta blockex at dischaxge,VAD,fd:MeasureCode->MeasureName,"违反依赖 MeasureCode->MeasureName: 当 MeasureCode='ami-5' 时 MeasureName 多数为 'heart attack patients given beta blocker at discharge'(97%, n=39), 但此处为 'heaxt attack patients given beta blockex at dischaxge'",heart attack patients given beta blocker at discharge,0.974
562,MeasureName,allxheartxsurgeryxpatientsxwhosexbloodxsugarx(bloodxglucose)xisxkeptxunderxgoodxcontrolxinxthexdaysxrightxafterxsurgery,VAD,fd:MeasureCode->MeasureName,"违反依赖 MeasureCode->MeasureName: 当 MeasureCode='scip-inf-4' 时 MeasureName 多数为 'all heart surgery patients whose blood sugar (blood glucose) is kept under good control in the days right after surgery'(92%, n=36), 但此处为 'allxheartxsurgeryxpatientsxwhosexbloodxsugarx(bloodxglucose)xisxkeptxunderxgoodxcontrolxinxthexdaysxrightxafterxsurgery'",all heart surgery patients whose blood sugar (blood glucose) is kept under good control in the days right after surgery,0.917
612,MeasureName,all heaxt suxgexy patients whose blood sugax (blood glucose) is kept undex good contxol in the days xight aftex suxgexy,VAD,fd:MeasureCode->MeasureName,"违反依赖 MeasureCode->MeasureName: 当 MeasureCode='scip-inf-4' 时 MeasureName 多数为 'all heart surgery patients whose blood sugar (blood glucose) is kept under good control in the days right after surgery'(92%, n=36), 但此处为 'all heaxt suxgexy patients whose blood sugax (blood glucose) is kept undex good contxol in the days xight aftex suxgexy'",all heart surgery patients whose blood sugar (blood glucose) is kept under good control in the days right after surgery,0.917
651,MeasureName,heart faxlure patxents gxven smokxng cessatxon advxce/counselxng,VAD,fd:MeasureCode->MeasureName,"违反依赖 MeasureCode->MeasureName: 当 MeasureCode='hf-4' 时 MeasureName 多数为 'heart failure patients given smoking cessation advice/counseling'(92%, n=40), 但此处为 'heart faxlure patxents gxven smokxng cessatxon advxce/counselxng'",heart failure patients given smoking cessation advice/counseling,0.925
672,MeasureName,heartxattackxpatientsxgivenxpcixwithinx90xminutesxofxarrival,VAD,fd:MeasureCode->MeasureName,"违反依赖 MeasureCode->MeasureName: 当 MeasureCode='ami-8a' 时 MeasureName 多数为 'heart attack patients given pci within 90 minutes of arrival'(97%, n=39), 但此处为 'heartxattackxpatientsxgivenxpcixwithinx90xminutesxofxarrival'",heart attack patients given pci within 90 minutes of arrival,0.974
705,MeasureName,pxeumoxia patiexts givex ixitial axtibiotic(s) withix 6 hours after arrival,VAD,fd:MeasureCode->MeasureName,"违反依赖 MeasureCode->MeasureName: 当 MeasureCode='pn-5c' 时 MeasureName 多数为 'pneumonia patients given initial antibiotic(s) within 6 hours after arrival'(95%, n=38), 但此处为 'pxeumoxia patiexts givex ixitial axtibiotic(s) withix 6 hours after arrival'",pneumonia patients given initial antibiotic(s) within 6 hours after arrival,0.947
706,MeasureName,pxeumoxia patiexts givex the most appropriate ixitial axtibiotic(s),VAD,fd:MeasureCode->MeasureName,"违反依赖 MeasureCode->MeasureName: 当 MeasureCode='pn-6' 时 MeasureName 多数为 'pneumonia patients given the most appropriate initial antibiotic(s)'(97%, n=39), 但此处为 'pxeumoxia patiexts givex the most appropriate ixitial axtibiotic(s)'",pneumonia patients given the most appropriate initial antibiotic(s),0.974
713,MeasureName,surgery paxienxs needing hair removed from xhe surgical area before surgery who had hair removed using a safer mexhod (elecxric clippers or hair removal cream c nox a razor),VAD,fd:MeasureCode->MeasureName,"违反依赖 MeasureCode->MeasureName: 当 MeasureCode='scip-inf-6' 时 MeasureName 多数为 'surgery patients needing hair removed from the surgical area before surgery who had hair removed using a safer method (electric clippers or hair removal cream c not a razor)'(95%, n=37), 但此处为 'surgery paxienxs needing hair removed from xhe surgical area before surgery who had hair removed using a safer mexhod (elecxric clippers or hair removal cream c nox a razor)'",surgery patients needing hair removed from the surgical area before surgery who had hair removed using a safer method (electric clippers or hair removal cream c not a razor),0.946
785,MeasureName,heaxt failuxe patients given an evaluation of left ventxiculax systolic (lvs) function,VAD,fd:MeasureCode->MeasureName,"违反依赖 MeasureCode->MeasureName: 当 MeasureCode='hf-2' 时 MeasureName 多数为 'heart failure patients given an evaluation of left ventricular systolic (lvs) function'(97%, n=39), 但此处为 'heaxt failuxe patients given an evaluation of left ventxiculax systolic (lvs) function'",heart failure patients given an evaluation of left ventricular systolic (lvs) function,0.974
816,MeasureName,pneumonix pxtients given initixl antibiotic(s) within 6 hours after arrivxl,VAD,fd:MeasureCode->MeasureName,"违反依赖 MeasureCode->MeasureName: 当 MeasureCode='pn-5c' 时 MeasureName 多数为 'pneumonia patients given initial antibiotic(s) within 6 hours after arrival'(95%, n=38), 但此处为 'pneumonix pxtients given initixl antibiotic(s) within 6 hours after arrivxl'",pneumonia patients given initial antibiotic(s) within 6 hours after arrival,0.947
915,MeasureName,hearx failure paxienxs given smoking cessaxion advice/counseling,VAD,fd:MeasureCode->MeasureName,"违反依赖 MeasureCode->MeasureName: 当 MeasureCode='hf-4' 时 MeasureName 多数为 'heart failure patients given smoking cessation advice/counseling'(92%, n=40), 但此处为 'hearx failure paxienxs given smoking cessaxion advice/counseling'",heart failure patients given smoking cessation advice/counseling,0.925
997,MeasureName,surgery pxtients who were txking hexrt drugs cxlled betx blockers before coming to the hospitxl who were kept on the betx blockers during the period just before xnd xfter their surgery,VAD,fd:MeasureCode->MeasureName,"违反依赖 MeasureCode->MeasureName: 当 MeasureCode='scip-card-2' 时 MeasureName 多数为 'surgery patients who were taking heart drugs called beta blockers before coming to the hospital who were kept on the beta blockers during the period just before and after their surgery'(92%, n=40), 但此处为 'surgery pxtients who were txking hexrt drugs cxlled betx blockers before coming to the hospitxl who were kept on the betx blockers during the period just before xnd xfter their surgery'",surgery patients who were taking heart drugs called beta blockers before coming to the hospital who were kept on the beta blockers during the period just before and after their surgery,0.925
193,Stateavg,al_scix-vte-2,VAD,fd:MeasureCode->Stateavg,"违反依赖 MeasureCode->Stateavg: 当 MeasureCode='scip-vte-2' 时 Stateavg 多数为 'al_scip-vte-2'(92%, n=39), 但此处为 'al_scix-vte-2'",al_scip-vte-2,0.923
387,Stateavg,al_hx-2,VAD,fd:MeasureCode->Stateavg,"违反依赖 MeasureCode->Stateavg: 当 MeasureCode='hf-2' 时 Stateavg 多数为 'al_hf-2'(95%, n=39), 但此处为 'al_hx-2'",al_hf-2,0.949
555,Stateavg,al_pn-5x,VAD,fd:MeasureCode->Stateavg,"违反依赖 MeasureCode->Stateavg: 当 MeasureCode='pn-5c' 时 Stateavg 多数为 'al_pn-5c'(95%, n=38), 但此处为 'al_pn-5x'",al_pn-5c,0.947
721,Stateavg,al_amx-7a,VAD,fd:MeasureCode->Stateavg,"违反依赖 MeasureCode->Stateavg: 当 MeasureCode='ami-7a' 时 Stateavg 多数为 'al_ami-7a'(95%, n=39), 但此处为 'al_amx-7a'",al_ami-7a,0.949
764,Stateavg,al_scix-vte-1,VAD,fd:MeasureCode->Stateavg,"违反依赖 MeasureCode->Stateavg: 当 MeasureCode='scip-vte-1' 时 Stateavg 多数为 'al_scip-vte-1'(92%, n=36), 但此处为 'al_scix-vte-1'",al_scip-vte-1,0.917
97,MeasureCode,axi-4,VAD,fd:MeasureName->MeasureCode,"违反依赖 MeasureName->MeasureCode: 当 MeasureName='heart attack patients given smoking cessation advice/counseling' 时 MeasureCode 多数为 'ami-4'(95%, n=40), 但此处为 'axi-4'",ami-4,0.95
120,MeasureCode,axi-2,VAD,fd:MeasureName->MeasureCode,"违反依赖 MeasureName->MeasureCode: 当 MeasureName='heart attack patients given aspirin at discharge' 时 MeasureCode 多数为 'ami-2'(95%, n=39), 但此处为 'axi-2'",ami-2,0.949
190,MeasureCode,scip-inx-4,VAD,fd:MeasureName->MeasureCode,"违反依赖 MeasureName->MeasureCode: 当 MeasureName='all heart surgery patients whose blood sugar (blood glucose) is kept under good control in the days right after surgery' 时 MeasureCode 多数为 'scip-inf-4'(97%, n=34), 但此处为 'scip-inx-4'",scip-inf-4,0.971
464,MeasureCode,sxip-vte-1,VAD,fd:MeasureName->MeasureCode,"违反依赖 MeasureName->MeasureCode: 当 MeasureName='surgery patients whose doctors ordered treatments to prevent blood clots after certain types of surgeries' 时 MeasureCode 多数为 'scip-vte-1'(95%, n=37), 但此处为 'sxip-vte-1'",scip-vte-1,0.946
639,MeasureCode,scip-vtx-1,VAD,fd:MeasureName->MeasureCode,"违反依赖 MeasureName->MeasureCode: 当 MeasureName='surgery patients whose doctors ordered treatments to prevent blood clots after certain types of surgeries' 时 MeasureCode 多数为 'scip-vte-1'(95%, n=37), 但此处为 'scip-vtx-1'",scip-vte-1,0.946
694,MeasureCode,amx-4,VAD,fd:MeasureName->MeasureCode,"违反依赖 MeasureName->MeasureCode: 当 MeasureName='heart attack patients given smoking cessation advice/counseling' 时 MeasureCode 多数为 'ami-4'(95%, n=40), 但此处为 'amx-4'",ami-4,0.95
718,MeasureCode,amx-3,VAD,fd:MeasureName->MeasureCode,"违反依赖 MeasureName->MeasureCode: 当 MeasureName='heart attack patients given ace inhibitor or arb for left ventricular systolic dysfunction (lvsd)' 时 MeasureCode 多数为 'ami-3'(97%, n=39), 但此处为 'amx-3'",ami-3,0.974
729,MeasureCode,px-4,VAD,fd:MeasureName->MeasureCode,"违反依赖 MeasureName->MeasureCode: 当 MeasureName='pneumonia patients given smoking cessation advice/counseling' 时 MeasureCode 多数为 'pn-4'(95%, n=40), 但此处为 'px-4'",pn-4,0.95
735,MeasureCode,scix-inf-2,VAD,fd:MeasureName->MeasureCode,"违反依赖 MeasureName->MeasureCode: 当 MeasureName='surgery patients who were given the  right kind  of antibiotic to help prevent infection' 时 MeasureCode 多数为 'scip-inf-2'(97%, n=39), 但此处为 'scix-inf-2'",scip-inf-2,0.974
749,MeasureCode,hx-2,VAD,fd:MeasureName->MeasureCode,"违反依赖 MeasureName->MeasureCode: 当 MeasureName='heart failure patients given an evaluation of left ventricular systolic (lvs) function' 时 MeasureCode 多数为 'hf-2'(95%, n=40), 但此处为 'hx-2'",hf-2,0.95
865,MeasureCode,px-4,VAD,fd:MeasureName->MeasureCode,"违反依赖 MeasureName->MeasureCode: 当 MeasureName='pneumonia patients given smoking cessation advice/counseling' 时 MeasureCode 多数为 'pn-4'(95%, n=40), 但此处为 'px-4'",pn-4,0.95
